0,19,19,39.0948,19,29.0474,
1,19,19,39.1367,19,29.0684,
2,19,19,39.1788,19,29.0894,
3,19,19,39.2209,19,29.1104,
4,19,19,39.2631,19,29.1316,
5,19,19,39.3054,19,29.1527,
6,20,20,39.3478,20,29.6739,
7,20,20,39.3882,20,29.6941,
8,20,20,39.4287,20,29.7143,
9,20,20,39.4692,20,29.7346,
10,20,20,39.5099,20,29.7549,
11,20,20,39.5506,20,29.7753,
12,20,20,39.5914,20,29.7957,
13,21,21,39.6323,21,30.3162,
14,21,21,39.6712,21,30.3356,
15,21,21,39.7102,21,30.3551,
16,21,21,39.7493,21,30.3746,
17,21,21,39.7884,21,30.3942,
18,21,21,39.8276,21,30.4138,
19,22,22,39.8669,22,30.9335,
20,22,22,39.9042,22,30.9521,
21,22,22,39.9416,22,30.9708,
22,22,22,39.9791,22,30.9895,
23,22,22,40.0166,22,31.0083,
24,22,22,40.0542,22,31.0271,
25,22,22,40.0919,22,31.046,
26,23,23,40.1297,22.723,31.5648,
27,23,23,40.1654,22.7224,31.5827,
28,23,23,40.2013,22.7218,31.6006,
29,23,23,40.2372,22.7212,31.6186,
30,23,23,40.2732,22.7207,31.6366,
31,23,23,40.3092,22.7201,31.6546,
32,24,24,40.3454,22.7195,32.1727,
33,24,24,40.3795,22.7168,32.1897,
34,24,24,40.4137,22.7141,32.2068,
35,24,24,40.448,22.7115,32.224,
36,24,24,40.4823,22.7088,32.2411,
37,24,24,40.5167,22.7061,32.2584,
38,24,24,40.5512,22.7034,32.2756,
39,25,25,40.5857,22.7007,32.7929,
40,25,25,40.6183,22.6959,32.8091,
41,25,25,40.6509,22.6911,32.8254,
42,25,25,40.6836,22.6862,32.8418,
43,25,25,40.7163,22.6814,32.8581,
44,25,25,40.7491,22.6766,32.8746,
45,26,26,40.782,22.6717,33.391,
46,26,26,40.8128,22.6648,33.4064,
47,26,26,40.8438,22.6578,33.4219,
48,26,26,40.8748,22.6508,33.4374,
49,26,26,40.9058,22.6438,33.4529,
50,26,26,40.9369,22.6368,33.4685,
51,26,26,40.9681,22.6298,33.4841,
52,27,27,40.9994,22.6228,33.9997,
53,27,27,41.0286,22.6136,34.0143,
54,27,27,41.0579,22.6045,34.0289,
55,27,27,41.0872,22.5953,34.0436,
56,27,27,41.1166,22.5861,34.0583,
57,27,27,41.1461,22.5769,34.0731,
58,28,28,41.1756,22.5677,34.5878,
59,28,28,41.2031,22.5563,34.6016,
60,28,28,41.2307,22.545,34.6154,
61,28,28,41.2583,22.5336,34.6292,
62,28,28,41.286,22.5221,34.643,
63,28,28,41.3138,22.5107,34.6569,
64,28,28,41.3415,22.4993,34.6708,
65,29,29,41.3694,22.4878,35.1847,
66,29,29,41.3952,22.4742,35.1976,
67,29,29,41.4211,22.4606,35.2106,
68,29,29,41.447,22.4469,35.2235,
69,29,29,41.473,22.4332,35.2365,
70,29,29,41.4991,22.4195,35.2495,
71,29,29,41.5252,22.4058,35.2626,
72,30,30,41.5513,22.392,35.7756,
73,30,30,41.5754,22.3761,35.7877,
74,30,30,41.5996,22.3602,35.7998,
75,30,30,41.6238,22.3443,35.8119,
76,30,30,41.6481,22.3283,35.824,
77,30,30,41.6724,22.3123,35.8362,
78,30,30,41.6967,22.2962,35.8484,
79,31,31,41.7212,22.2801,36.3606,
80,31,31,41.7436,22.2619,36.3718,
81,31,31,41.766,22.2437,36.383,
82,31,31,41.7885,22.2254,36.3942,
83,31,31,41.811,22.2071,36.4055,
84,31,31,41.8335,22.1887,36.4168,
85,31,31,41.8562,22.1703,36.4281,
86,32,32,41.8788,22.1519,36.9394,
87,32,32,41.8995,22.1313,36.9497,
88,32,32,41.9201,22.1107,36.9601,
89,32,32,41.9408,22.0901,36.9704,
90,32,32,41.9616,22.0694,36.9808,
91,32,32,41.9824,22.0487,36.9912,
92,32,32,42.0032,22.0279,37.0016,
93,33,33,42.0241,22.0071,37.5121,
94,33,33,42.0429,21.9841,37.5215,
95,33,33,42.0618,21.9611,37.5309,
96,33,33,42.0807,21.9381,37.5404,
97,33,33,42.0997,21.915,37.5498,
98,33,33,42.1187,21.8918,37.5593,
99,33,33,42.1377,21.8687,37.5689,
100,33,33,42.1568,21.8454,37.5784,
101,34,34,42.1759,21.8221,38.088,
102,34,34,42.193,21.7967,38.0965,
103,34,34,42.2101,21.7712,38.105,
104,34,34,42.2272,21.7457,38.1136,
105,34,34,42.2444,21.7201,38.1222,
106,34,34,42.2616,21.6945,38.1308,
107,34,34,42.2789,21.6688,38.1394,
108,34,34,42.2962,21.643,38.1481,
109,35,35,42.3135,21.6172,38.6567,
110,35,35,42.3287,21.5893,38.6644,
111,35,35,42.344,21.5613,38.672,
112,35,35,42.3594,21.5333,38.6797,
113,35,35,42.3747,21.5051,38.6874,
114,35,35,42.3901,21.477,38.6951,
115,35,35,42.4056,21.4487,38.7028,
116,35,35,42.421,21.4204,38.7105,
117,36,36,42.4365,21.3921,39.2183,
118,36,36,42.45,21.3616,39.225,
119,36,36,42.4634,21.331,39.2317,
120,36,36,42.4769,21.3004,39.2385,
121,36,36,42.4904,21.2697,39.2452,
122,36,36,42.504,21.239,39.252,
123,36,36,42.5176,21.2082,39.2588,
124,36,36,42.5312,21.1773,39.2656,
125,37,37,42.5448,21.1463,39.7724,
126,37,37,42.5564,21.1132,39.7782,
127,37,37,42.568,21.0801,39.784,
128,37,37,42.5796,21.0468,39.7898,
129,37,37,42.5913,21.0135,39.7956,
130,37,37,42.6029,20.9801,39.8015,
131,37,37,42.6146,20.9467,39.8073,
132,37,37,42.6263,20.9132,39.8132,
133,37,37,42.6381,20.8796,39.819,
134,38,38,42.6499,20.846,40.3249,
135,38,38,42.6596,20.8101,40.3298,
136,38,38,42.6693,20.7743,40.3346,
137,38,38,42.679,20.7383,40.3395,
138,38,38,42.6888,20.7023,40.3444,
139,38,38,42.6986,20.6661,40.3493,
140,38,38,42.7084,20.63,40.3542,
141,38,38,42.7182,20.5937,40.3591,
142,38,38,42.7281,20.5574,40.364,
143,38,38,42.738,20.5209,40.369,
144,39,39,42.7479,20.4844,40.8739,
145,39,39,42.7557,20.4458,40.8778,
146,39,39,42.7635,20.4071,40.8818,
147,39,39,42.7714,20.3682,40.8857,
148,39,39,42.7793,20.3293,40.8896,
149,39,39,42.7871,20.2904,40.8936,
150,39,39,42.795,20.2513,40.8975,
151,39,39,42.803,20.2122,40.9015,
152,39,39,42.8109,20.1729,40.9055,
153,39,39,42.8189,20.1336,40.9094,
154,39,39,42.8268,20.0942,40.9134,
155,40,40,42.8348,20.0548,41.4174,
156,40,40,42.8407,20.0131,41.4204,
157,40,40,42.8467,19.9714,41.4233,
158,40,40,42.8526,19.9296,41.4263,
159,40,40,42.8586,19.8877,41.4293,
160,40,40,42.8645,19.8457,41.4323,
161,40,40,42.8705,19.8036,41.4353,
162,40,40,42.8765,19.7615,41.4383,
163,40,40,42.8825,19.7192,41.4413,
164,40,40,42.8885,19.6769,41.4443,
165,40,40,42.8946,19.6345,41.4473,
166,40,40,42.9006,19.5919,41.4503,
167,41,41,42.9067,19.5493,41.9533,
168,41,41,42.9106,19.5045,41.9553,
169,41,41,42.9146,19.4597,41.9573,
170,41,41,42.9186,19.4147,41.9593,
171,41,41,42.9226,19.3696,41.9613,
172,41,41,42.9267,19.3245,41.9633,
173,41,41,42.9307,19.2792,41.9653,
174,41,41,42.9347,19.2339,41.9674,
175,41,41,42.9387,19.1884,41.9694,
176,41,41,42.9428,19.1429,41.9714,
177,41,41,42.9468,19.0973,41.9734,
178,41,41,42.9509,19.0516,41.9755,
179,41,41,42.955,19.0057,41.9775,
180,41,41,42.9591,18.9598,41.9795,
181,42,42,42.9632,18.9138,42.4816,
182,42,42,42.9652,18.8656,42.4826,
183,42,42,42.9672,18.8173,42.4836,
184,42,42,42.9692,18.7689,42.4846,
185,42,42,42.9712,18.7204,42.4856,
186,42,42,42.9733,18.6718,42.4866,
187,42,42,42.9753,18.6231,42.4876,
188,42,42,42.9773,18.5743,42.4887,
189,42,42,42.9794,18.5254,42.4897,
190,42,42,42.9814,18.4764,42.4907,
191,42,42,42.9835,18.4273,42.4917,
192,42,42,42.9855,18.3781,42.4928,
193,42,42,42.9876,18.3288,42.4938,
194,42,42,42.9896,18.2793,42.4948,
195,42,42,42.9917,18.2298,42.4958,
196,42,42,42.9938,18.1802,42.4969,
197,42,42,42.9958,18.1305,42.4979,
198,42,42,42.9979,18.0806,42.499,
199,43,43,43,18.0307,43,
200,43,43,43,17.9786,43,
201,43,43,43,17.9263,43,
202,43,43,43,17.874,43,
203,43,43,43,17.8215,43,
204,43,43,43,17.769,43,
205,43,43,43,17.7163,43,
206,43,43,43,17.6635,43,
207,43,43,43,17.6106,43,
208,43,43,43,17.5576,43,
209,43,43,43,17.5045,43,
210,43,43,43,17.4513,43,
211,43,43,43,17.3979,43,
212,43,43,43,17.3445,43,
213,43,43,43,17.2909,43,
214,43,43,43,17.2372,43,
215,43,43,43,17.1835,43,
216,43,43,43,17.1296,43,
217,43,43,43,17.0756,43,
218,43,43,43,17.0214,43,
219,43,43,43,16.9672,43,
220,43,43,43,16.9128,43,
221,43,43,43,16.8584,43,
222,43,43,43,16.8038,43,
223,43,43,43,16.7491,43,
224,43,43,43,16.6943,43,
225,43,43,43,16.6394,43,
226,43,43,43,16.5844,43,
227,43,43,43,16.5292,43,
228,43,43,43,16.474,43,
229,43,43,43,16.4186,43,
230,43,43,43,16.3631,43,
231,43,43,43,16.3075,43,
232,43,43,43,16.2517,43,
233,43,43,43,16.1959,43,
234,43,43,43,16.1399,43,
235,43,43,43,16.0839,43,
236,43,43,43,16.0277,43,
237,43,43,43,15.9714,43,
238,43,43,43,15.9149,43,
239,43,43,43,15.8584,43,
240,43,43,43,15.8017,43,
241,43,43,43,15.745,43,
242,43,43,43,15.6881,43,
243,43,43,43,15.631,43,
244,43,43,43,15.5739,43,
245,43,43,43,15.5166,43,
246,43,43,43,15.4593,43,
247,43,43,43,15.4018,43,
248,43,43,43,15.3442,43,
249,43,43,43,15.2864,43,
250,43,43,43,15.2286,43,
251,43,43,43,15.1706,43,
252,43,43,43,15.1125,43,
253,43,43,43,15.0543,43,
254,43,43,43,14.9959,43,
255,43,43,43,14.9375,43,
256,43,43,43,14.8789,43,
257,43,43,43,14.8202,43,
258,43,43,43,14.7613,43,
259,43,43,43,14.7024,43,
260,43,43,43,14.6433,43,
261,43,43,43,14.5841,43,
262,43,43,43,14.5248,43,
263,43,43,43,14.4653,43,
264,43,43,43,14.4058,43,
265,43,43,43,14.3461,43,
266,43,43,43,14.2862,43,
267,43,43,43,14.2263,43,
268,43,43,43,14.1662,43,
269,43,43,43,14.106,43,
270,43,43,43,14.0457,43,
271,43,43,43,13.9853,43,
272,43,43,43,13.9247,43,
273,43,43,43,13.864,43,
274,43,43,43,13.8032,43,
275,43,43,43,13.7422,43,
276,43,43,43,13.6811,43,
277,43,43,43,13.6199,43,
278,43,43,43,13.5586,43,
279,42,42,42,13.4971,42,
280,42,42,42,13.4376,42,
281,42,42,42,13.378,42,
282,42,42,42,13.3182,42,
283,42,42,42,13.2584,42,
284,42,42,42,13.1984,42,
285,42,42,42,13.1382,42,
286,42,42,42,13.078,42,
287,42,42,42,13.0176,42,
288,42,42,42,12.9571,42,
289,42,42,42,12.8964,42,
290,42,42,42,12.8357,42,
291,42,42,42,12.7748,42,
292,42,42,42,12.7138,42,
293,42,42,42,12.6527,42,
294,42,42,42,12.5914,42,
295,42,42,42,12.53,42,
296,42,42,42,12.4685,42,
297,41,41,41,12.4068,41,
298,41,41,41,12.3471,41,
299,41,41,41,12.2873,41,
300,41,41,41,12.2274,41,
301,41,41,41,12.1673,41,
302,41,41,41,12.1071,41,
303,41,41,41,12.0468,41,
304,41,41,41,11.9863,41,
305,41,41,41,11.9258,41,
306,41,41,41,11.8651,41,
307,41,41,41,11.8042,41,
308,41,41,41,11.7433,41,
309,41,41,41,11.6822,41,
310,41,41,41,11.621,41,
311,40,40,40,11.5597,40,
312,40,40,40,11.5003,40,
313,40,40,40,11.4408,40,
314,40,40,40,11.3812,40,
315,40,40,40,11.3214,40,
316,40,40,40,11.2616,40,
317,40,40,40,11.2016,40,
318,40,40,40,11.1414,40,
319,40,40,40,11.0812,40,
320,40,40,40,11.0208,40,
321,40,40,40,10.9603,40,
322,40,40,40,10.8997,40,
323,39,39,39,10.8389,39,
324,39,39,39,10.7801,39,
325,39,39,39,10.7212,39,
326,39,39,39,10.6622,39,
327,39,39,39,10.603,39,
328,39,39,39,10.5437,39,
329,39,39,39,10.4843,39,
330,39,39,39,10.4248,39,
331,39,39,39,10.3652,39,
332,39,39,39,10.3054,39,
333,39,39,39,10.2455,39,
334,38,38,38,10.1854,38,
335,38,38,38,10.1274,38,
336,38,38,38,10.0692,38,
337,38,38,38,10.0109,38,
338,38,38,38,9.95244,38,
339,38,38,38,9.89388,38,
340,38,38,38,9.83521,38,
341,38,38,38,9.77641,38,
342,38,38,38,9.71749,38,
343,38,38,38,9.65844,38,
344,37,37,37,9.59927,37,
345,37,37,37,9.54207,37,
346,37,37,37,9.48474,37,
347,37,37,37,9.4273,37,
348,37,37,37,9.36974,37,
349,37,37,37,9.31206,37,
350,37,37,37,9.25425,37,
351,37,37,37,9.19633,37,
352,37,37,37,9.13828,37,
353,36,36,36,9.08012,36,
354,36,36,36,9.02392,36,
355,36,36,36,8.9676,36,
356,36,36,36,8.91116,36,
357,36,36,36,8.85461,36,
358,36,36,36,8.79794,36,
359,36,36,36,8.74115,36,
360,36,36,36,8.68424,36,
361,35,35,35,8.62722,35,
362,35,35,35,8.57216,35,
363,35,35,35,8.51698,35,
364,35,35,35,8.4617,35,
365,35,35,35,8.40629,35,
366,35,35,35,8.35077,35,
367,35,35,35,8.29514,35,
368,35,35,35,8.23939,35,
369,34,34,34,8.18352,34,
370,34,34,34,8.12962,34,
371,34,34,34,8.07561,34,
372,34,34,34,8.02149,34,
373,34,34,34,7.96726,34,
374,34,34,34,7.91291,34,
375,34,34,34,7.85845,34,
376,34,34,34,7.80387,34,
377,33,33,33,7.74918,33,
378,33,33,33,7.69647,33,
379,33,33,33,7.64364,33,
380,33,33,33,7.59071,33,
381,33,33,33,7.53766,33,
382,33,33,33,7.4845,33,
383,33,33,33,7.43123,33,
384,33,33,33,7.37785,33,
385,32,32,32,7.32436,32,
386,32,32,32,7.27285,32,
387,32,32,32,7.22123,32,
388,32,32,32,7.16949,32,
389,32,32,32,7.11766,32,
390,32,32,32,7.06571,32,
391,32,32,32,7.01366,32,
392,31,31,31,6.96149,31,
393,31,31,31,6.91131,31,
394,31,31,31,6.86102,31,
395,31,31,31,6.81062,31,
396,31,31,31,6.76012,31,
397,31,31,31,6.70952,31,
398,31,31,31,6.65881,31,
399,30,30,30,6.60799,30,
400,30,30,30,6.55916,30,
401,30,30,30,6.51022,30,
402,30,30,30,6.46118,30,
403,30,30,30,6.41204,30,
404,30,30,30,6.36279,30,
405,30,30,30,6.31345,30,
406,29,29,29,6.264,29,
407,29,29,29,6.21653,29,
408,29,29,29,6.16897,29,
409,29,29,29,6.1213,29,
410,29,29,29,6.07354,29,
411,29,29,29,6.02568,29,
412,29,29,29,5.97771,29,
413,28,28,28,5.92965,28,
414,28,28,28,5.88357,28,
415,28,28,28,5.8374,28,
416,28,28,28,5.79113,28,
417,28,28,28,5.74477,28,
418,28,28,28,5.69831,28,
419,28,28,28,5.65175,28,
420,27,27,27,5.60509,27,
421,27,27,27,5.56043,27,
422,27,27,27,5.51567,27,
423,27,27,27,5.47081,27,
424,27,27,27,5.42587,27,
425,27,27,27,5.38083,27,
426,26,26,26,5.33569,26,
427,26,26,26,5.29255,26,
428,26,26,26,5.24932,26,
429,26,26,26,5.206,26,
430,26,26,26,5.16259,26,
431,26,26,26,5.11909,26,
432,26,26,26,5.0755,26,
433,25,25,25,5.03181,25,
434,25,25,25,4.99013,25,
435,25,25,25,4.94835,25,
436,25,25,25,4.90649,25,
437,25,25,25,4.86454,25,
438,25,25,25,4.8225,25,
439,24,24,24,4.78038,24,
440,24,24,24,4.74026,24,
441,24,24,24,4.70005,24,
442,24,24,24,4.65975,24,
443,24,24,24,4.61938,24,
444,24,24,24,4.57892,24,
445,24,24,24,4.53837,24,
446,23,23,23,4.49774,23,
447,23,23,23,4.45912,23,
448,23,23,23,4.42041,23,
449,23,23,23,4.38162,23,
450,23,23,23,4.34275,23,
451,23,23,23,4.3038,23,
452,22,22,22,4.26477,22,
453,22,22,22,4.22774,22,
454,22,22,22,4.19064,22,
455,22,22,22,4.15346,22,
456,22,22,22,4.1162,22,
457,22,22,22,4.07887,22,
458,22,22,22,4.04145,22,
459,22,22,22,4.00396,22,
460,22,22,22,3.96639,22,
461,22,22,22,3.92874,22,
462,21,21,21.4375,3.89102,21.2187,
463,21,21,21.4384,3.8553,21.2192,
464,21,21,21.4393,3.81951,21.2197,
465,21,21,21.4402,3.78364,21.2201,
466,21,21,21.4411,3.7477,21.2206,
467,21,21,21.4421,3.71168,21.221,
468,20,20,21.443,3.67559,20.7215,
469,20,20,21.446,3.64151,20.723,
470,20,20,21.449,3.60735,20.7245,
471,20,20,21.452,3.57313,20.726,
472,20,20,21.4551,3.53884,20.7275,
473,20,20,21.4581,3.50447,20.7291,
474,20,20,21.4612,3.47003,20.7306,
475,19,19,21.4642,3.43552,20.2321,
476,19,19,21.4694,3.40303,20.2347,
477,19,19,21.4745,3.37047,20.2373,
478,19,19,21.4797,3.33784,20.2398,
479,19,19,21.4849,3.30514,20.2424,
480,19,19,21.49,3.27238,20.245,
481,18,18,21.4952,3.23954,19.7476,
482,18,18,21.5025,3.20873,19.7513,
483,18,18,21.5098,3.17785,19.7549,
484,18,18,21.5172,3.1469,19.7586,
485,18,18,21.5245,3.1159,19.7623,
486,18,18,21.5319,3.08482,19.7659,
487,18,18,21.5393,3.05368,19.7696,
488,17,17,21.5466,3.02248,19.2733,
489,17,17,21.5561,2.9933,19.2781,
490,17,17,21.5656,2.96406,19.2828,
491,17,17,21.5752,2.93476,19.2876,
492,17,17,21.5847,2.90539,19.2924,
493,17,17,21.5943,2.87597,19.2971,
494,17,17,21.6039,2.84648,19.3019,
495,16,16,21.6135,2.81693,18.8068,
496,16,16,21.6252,2.78941,18.8126,
497,16,16,21.637,2.76183,18.8185,
498,16,16,21.6487,2.73419,18.8244,
499,16,16,21.6605,2.7065,18.8303,
500,16,16,21.6723,2.67875,18.8362,
501,15,15,21.6842,2.65094,18.3421,
502,15,15,21.6981,2.62515,18.3491,
503,15,15,21.7121,2.59932,18.3561,
504,15,15,21.7261,2.57343,18.3631,
505,15,15,21.7402,2.54749,18.3701,
506,15,15,21.7542,2.52149,18.3771,
507,15,15,21.7683,2.49544,18.3842,
508,14,14,21.7825,2.46934,17.8912,
509,14,14,21.7987,2.44526,17.8994,
510,14,14,21.815,2.42114,17.9075,
511,14,14,21.8313,2.39697,17.9157,
512,14,14,21.8477,2.37274,17.9238,
513,14,14,21.8641,2.34847,17.932,
514,14,14,21.8805,2.32415,17.9402,
515,13,13,21.8969,2.29977,17.4485,
516,13,13,21.9155,2.27743,17.4577,
517,13,13,21.9341,2.25505,17.4671,
518,13,13,21.9528,2.23261,17.4764,
519,13,13,21.9715,2.21013,17.4857,
520,13,13,21.9902,2.18761,17.4951,
521,13,13,22.009,2.16504,17.5045,
522,12,12,22.0278,2.14242,17.0139,
523,12,12,22.0487,2.12184,17.0243,
524,12,12,22.0697,2.10121,17.0348,
525,12,12,22.0907,2.08055,17.0453,
526,12,12,22.1118,2.05984,17.0559,
527,12,12,22.1329,2.03909,17.0664,
528,12,12,22.154,2.01829,17.077,
529,12,12,22.1752,1.99745,17.0876,
530,11,11,22.1965,1.97657,16.5982,
531,11,11,22.2198,1.95773,16.6099,
532,11,11,22.2433,1.93886,16.6216,
533,11,11,22.2667,1.91994,16.6334,
534,11,11,22.2903,1.90098,16.6451,
535,11,11,22.3138,1.88199,16.6569,
536,11,11,22.3374,1.86295,16.6687,
537,10,10,22.3611,1.84388,16.1806,
538,10,10,22.3869,1.82685,16.1935,
539,10,10,22.4128,1.80979,16.2064,
540,10,10,22.4387,1.79269,16.2193,
541,10,10,22.4647,1.77555,16.2323,
542,10,10,22.4907,1.75838,16.2453,
543,10,10,22.5168,1.74118,16.2584,
544,10,10,22.5429,1.72394,16.2714,
545,9,9,22.5691,1.70666,15.7845,
546,9,9,22.5974,1.69143,15.7987,
547,9,9,22.6258,1.67617,15.8129,
548,9,9,22.6542,1.66088,15.8271,
549,9,9,22.6827,1.64556,15.8414,
550,9,9,22.7113,1.63021,15.8557,
551,9,9,22.7399,1.61482,15.87,
552,9,9,22.7686,1.5994,15.8843,
553,8,8,22.7974,1.58395,15.3987,
554,8,8,22.8283,1.57056,15.4141,
555,8,8,22.8592,1.55714,15.4296,
556,8,8,22.8902,1.54369,15.4451,
557,8,8,22.9213,1.53021,15.4607,
558,8,8,22.9525,1.5167,15.4762,
559,8,8,22.9837,1.50317,15.4918,
560,8,8,23.015,1.4896,15.5075,
561,8,8,23.0463,1.47601,15.5232,
562,7,7,23.0777,1.46239,15.0389,
563,7,7,23.1113,1.45083,15.0556,
564,7,7,23.1449,1.43925,15.0725,
565,7,7,23.1786,1.42764,15.0893,
566,7,7,23.2124,1.416,15.1062,
567,7,7,23.2463,1.40435,15.1231,
568,7,7,23.2802,1.39266,15.1401,
569,7,7,23.3142,1.38096,15.1571,
570,7,7,23.3482,1.36923,15.1741,
571,6,6,23.3824,1.35747,14.6912,
572,6,6,23.4186,1.34778,14.7093,
573,6,6,23.455,1.33807,14.7275,
574,6,6,23.4914,1.32833,14.7457,
575,6,6,23.528,1.31858,14.764,
576,6,6,23.5646,1.30881,14.7823,
577,6,6,23.6012,1.29901,14.8006,
578,6,6,23.638,1.2892,14.819,
579,6,6,23.6748,1.27937,14.8374,
580,6,6,23.7117,1.26951,14.8558,
581,5,5,23.7487,1.25963,14.3743,
582,5,5,23.7878,1.25183,14.3939,
583,5,5,23.827,1.244,14.4135,
584,5,5,23.8663,1.23616,14.4332,
585,5,5,23.9057,1.2283,14.4529,
586,5,5,23.9452,1.22043,14.4726,
587,5,5,23.9847,1.21254,14.4924,
588,5,5,24.0244,1.20463,14.5122,
589,5,5,24.0641,1.19671,14.532,
590,5,5,24.1039,1.18877,14.5519,
591,5,5,24.1438,1.18081,14.5719,
592,4,4,24.1837,1.17284,14.0919,
593,4,4,24.2259,1.16693,14.1129,
594,4,4,24.2681,1.16102,14.1341,
595,4,4,24.3104,1.15509,14.1552,
596,4,4,24.3528,1.14915,14.1764,
597,4,4,24.3953,1.1432,14.1977,
598,4,4,24.4379,1.13724,14.2189,
599,4,4,24.4806,1.13126,14.2403,
600,4,4,24.5233,1.12527,14.2617,
601,4,4,24.5662,1.11927,14.2831,
602,4,4,24.6091,1.11326,14.3046,
603,4,4,24.6521,1.10723,14.3261,
604,3,3,24.6952,1.10119,13.8476,
605,3,3,24.7405,1.09723,13.8703,
606,3,3,24.7859,1.09325,13.893,
607,3,3,24.8314,1.08927,13.9157,
608,3,3,24.877,1.08528,13.9385,
609,3,3,24.9227,1.08129,13.9613,
610,3,3,24.9684,1.07728,13.9842,
611,3,3,25.0143,1.07327,14.0071,
612,3,3,25.0602,1.06925,14.0301,
613,3,3,25.1063,1.06521,14.0531,
614,3,3,25.1524,1.06118,14.0762,
615,3,3,25.1987,1.05713,14.0993,
616,3,3,25.245,1.05307,14.1225,
617,3,3,25.2915,1.04901,14.1457,
618,3,3,25.338,1.04493,14.169,
619,2,2,25.3847,1.04085,13.6923,
620,2,2,25.4335,1.03885,13.7167,
621,2,2,25.4824,1.03684,13.7412,
622,2,2,25.5314,1.03483,13.7657,
623,2,2,25.5805,1.03282,13.7903,
624,2,2,25.6298,1.0308,13.8149,
625,2,2,25.6791,1.02877,13.8396,
626,2,2,25.7285,1.02675,13.8643,
627,2,2,25.7781,1.02472,13.889,
628,2,2,25.8277,1.02268,13.9139,
629,2,2,25.8775,1.02064,13.9387,
630,2,2,25.9273,1.01859,13.9637,
631,2,2,25.9773,1.01655,13.9886,
632,2,2,26.0273,1.01449,14.0137,
633,2,2,26.0775,1.01244,14.0387,
634,2,2,26.1277,1.01037,14.0639,
635,2,2,26.1781,1.00831,14.0891,
636,2,2,26.2286,1.00624,14.1143,
637,2,2,26.2792,1.00416,14.1396,
638,2,2,26.3299,1.00208,14.1649,
639,1,1,26.3807,1,13.6903,
640,1,1,26.4336,1,13.7168,
641,1,1,26.4867,1,13.7434,
642,1,1,26.5399,1,13.77,
643,1,1,26.5933,1,13.7966,
644,1,1,26.6467,1,13.8233,
645,1,1,26.7002,1,13.8501,
646,1,1,26.7539,1,13.8769,
647,1,1,26.8077,1,13.9038,
648,1,1,26.8615,1,13.9308,
649,1,1,26.9155,1,13.9578,
650,1,1,26.9696,1,13.9848,
651,1,1,27.0238,1,14.0119,
652,1,1,27.0782,1,14.0391,
653,1,1,27.1326,1,14.0663,
654,1,1,27.1872,1,14.0936,
655,1,1,27.2418,1,14.1209,
656,1,1,27.2966,1,14.1483,
657,1,1,27.3515,1,14.1758,
658,1,1,27.4065,1,14.2033,
659,1,1,27.4617,1,14.2308,
660,1,1,27.5169,1,14.2585,
661,1,1,27.5723,1,14.2861,
662,1,1,27.6278,1,14.3139,
663,1,1,27.6833,1,14.3417,
664,1,1,27.739,1,14.3695,
665,1,1,27.7949,1,14.3974,
666,1,1,27.8508,1,14.4254,
667,1,1,27.9069,1,14.4534,
668,1,1,27.963,1,14.4815,
669,1,1,28.0193,1,14.5097,
670,1,1,28.0757,1,14.5379,
671,1,1,28.1323,1,14.5661,
672,1,1,28.1889,1,14.5945,
673,1,1,28.2457,1,14.6228,
674,1,1,28.3025,1,14.6513,
675,1,1,28.3595,1,14.6798,
676,1,1,28.4167,1,14.7083,
677,1,1,28.4739,1,14.737,
678,1,1,28.5313,1,14.7656,
679,1,1,28.5887,1,14.7944,
680,1,1,28.6463,1,14.8232,
681,1,1,28.704,1,14.852,
682,1,1,28.7619,1,14.8809,
683,1,1,28.8198,1,14.9099,
684,1,1,28.8779,1,14.939,
685,1,1,28.9361,1,14.9681,
686,1,1,28.9944,1,14.9972,
687,1,1,29.0529,1,15.0264,
688,1,1,29.1115,1,15.0557,
689,1,1,29.1701,1,15.0851,
690,1,1,29.229,1,15.1145,
691,1,1,29.2879,1,15.1439,
692,1,1,29.3469,1,15.1735,
693,1,1,29.4061,1,15.2031,
694,1,1,29.4654,1,15.2327,
695,1,1,29.5249,1,15.2624,
696,1,1,29.5844,1,15.2922,
697,1,1,29.6441,1,15.322,
698,1,1,29.7039,1,15.3519,
699,1,1,29.7638,1,15.3819,
700,1,1,29.8239,1,15.4119,
701,1,1,29.884,1,15.442,
702,1,1,29.9443,1,15.4722,
703,1,1,30.0048,1,15.5024,
704,1,1,30.0653,1,15.5327,
705,1,1,30.126,1,15.563,
706,1,1,30.1868,1,15.5934,
707,1,1,30.2477,1,15.6239,
708,1,1,30.3088,1,15.6544,
709,1,1,30.37,1,15.685,
710,2,2,30.4313,2,16.2156,
711,2,2,30.4906,2,16.2453,
712,2,2,30.5501,2,16.2751,
713,2,2,30.6097,2,16.3049,
714,2,2,30.6695,2,16.3347,
715,2,2,30.7293,2,16.3647,
716,2,2,30.7893,2,16.3946,
717,2,2,30.8494,2,16.4247,
718,2,2,30.9096,2,16.4548,
719,2,2,30.97,2,16.485,
720,2,2,31.0304,2,16.5152,
721,2,2,31.0911,2,16.5455,
722,2,2,31.1518,2,16.5759,
723,2,2,31.2126,2,16.6063,
724,2,2,31.2736,2,16.6368,
725,2,2,31.3347,2,16.6674,
726,2,2,31.396,2,16.698,
727,2,2,31.4574,2,16.7287,
728,2,2,31.5189,2,16.7594,
729,3,3,31.5805,3,17.2902,
730,3,3,31.6401,3,17.3201,
731,3,3,31.6999,3,17.35,
732,3,3,31.7599,3,17.3799,
733,3,3,31.8199,3,17.4099,
734,3,3,31.8801,3,17.44,
735,3,3,31.9404,3,17.4702,
736,3,3,32.0008,3,17.5004,
737,3,3,32.0613,3,17.5307,
738,3,3,32.122,3,17.561,
739,3,3,32.1828,3,17.5914,
740,3,3,32.2437,3,17.6219,
741,3,3,32.3048,3,17.6524,
742,3,3,32.3659,3,17.683,
743,3,3,32.4273,3,17.7136,
744,4,4,32.4887,4,18.2443,
745,4,4,32.5482,4,18.2741,
746,4,4,32.6078,4,18.3039,
747,4,4,32.6675,4,18.3337,
748,4,4,32.7273,4,18.3637,
749,4,4,32.7873,4,18.3937,
750,4,4,32.8474,4,18.4237,
751,4,4,32.9076,4,18.4538,
752,4,4,32.968,4,18.484,
753,4,4,33.0285,4,18.5142,
754,4,4,33.0891,4,18.5445,
755,4,4,33.1498,4,18.5749,
756,5,5,33.2106,5,19.1053,
757,5,5,33.2695,5,19.1348,
758,5,5,33.3286,5,19.1643,
759,5,5,33.3877,5,19.1938,
760,5,5,33.447,5,19.2235,
761,5,5,33.5063,5,19.2532,
762,5,5,33.5659,5,19.2829,
763,5,5,33.6255,5,19.3127,
764,5,5,33.6853,5,19.3426,
765,5,5,33.7451,5,19.3726,
766,5,5,33.8052,5,19.4026,
767,6,6,33.8653,6,19.9326,
768,6,6,33.9235,6,19.9617,
769,6,6,33.9818,6,19.9909,
770,6,6,34.0402,6,20.0201,
771,6,6,34.0987,6,20.0494,
772,6,6,34.1574,6,20.0787,
773,6,6,34.2162,6,20.1081,
774,6,6,34.2751,6,20.1375,
775,6,6,34.3341,6,20.167,
776,6,6,34.3932,6,20.1966,
777,7,7,34.4525,7,20.7263,
778,7,7,34.5098,7,20.7549,
779,7,7,34.5673,7,20.7836,
780,7,7,34.6248,7,20.8124,
781,7,7,34.6825,7,20.8412,
782,7,7,34.7403,7,20.8701,
783,7,7,34.7982,7,20.8991,
784,7,7,34.8562,7,20.9281,
785,7,7,34.9144,7,20.9572,
786,8,8,34.9727,8,21.4863,
787,8,8,35.029,8,21.5145,
788,8,8,35.0854,8,21.5427,
789,8,8,35.1419,8,21.571,
790,8,8,35.1986,8,21.5993,
791,8,8,35.2554,8,21.6277,
792,8,8,35.3123,8,21.6561,
793,8,8,35.3693,8,21.6847,
794,8,8,35.4265,8,21.7132,
795,9,9,35.4837,9,22.2419,
796,9,9,35.539,9,22.2695,
797,9,9,35.5944,9,22.2972,
798,9,9,35.6499,9,22.325,
799,9,9,35.7056,9,22.3528,
800,9,9,35.7613,9,22.3807,
801,9,9,35.8172,9,22.4086,
802,9,9,35.8732,9,22.4366,
803,10,10,35.9293,10,22.9646,
804,10,10,35.9834,10,22.9917,
805,10,10,36.0376,10,23.0188,
806,10,10,36.092,10,23.046,
807,10,10,36.1465,10,23.0732,
808,10,10,36.2011,10,23.1005,
809,10,10,36.2558,10,23.1279,
810,10,10,36.3106,10,23.1553,
811,11,11,36.3655,11,23.6828,
812,11,11,36.4185,11,23.7092,
813,11,11,36.4715,11,23.7358,
814,11,11,36.5247,11,23.7624,
815,11,11,36.578,11,23.789,
816,11,11,36.6314,11,23.8157,
817,11,11,36.6849,11,23.8424,
818,12,12,36.7385,12,24.3693,
819,12,12,36.7902,12,24.3951,
820,12,12,36.8419,12,24.421,
821,12,12,36.8938,12,24.4469,
822,12,12,36.9458,12,24.4729,
823,12,12,36.9978,12,24.4989,
824,12,12,37.05,12,24.525,
825,12,12,37.1023,12,24.5512,
826,13,13,37.1547,13,25.0774,
827,13,13,37.2051,13,25.1026,
828,13,13,37.2557,13,25.1278,
829,13,13,37.3063,13,25.1532,
830,13,13,37.3571,13,25.1785,
831,13,13,37.4079,13,25.204,
832,13,13,37.4589,13,25.2294,
833,14,14,37.5099,14,25.755,
834,14,14,37.559,14,25.7795,
835,14,14,37.6082,14,25.8041,
836,14,14,37.6575,14,25.8287,
837,14,14,37.7069,14,25.8534,
838,14,14,37.7564,14,25.8782,
839,14,14,37.806,14,25.903,
840,15,15,37.8557,15,26.4278,
841,15,15,37.9034,15,26.4517,
842,15,15,37.9512,15,26.4756,
843,15,15,37.9991,15,26.4996,
844,15,15,38.0471,15,26.5236,
845,15,15,38.0952,15,26.5476,
846,15,15,38.1435,15,26.5717,
847,16,16,38.1918,16,27.0959,
848,16,16,38.2381,16,27.119,
849,16,16,38.2845,16,27.1423,
850,16,16,38.331,16,27.1655,
851,16,16,38.3777,16,27.1888,
852,16,16,38.4244,16,27.2122,
853,16,16,38.4712,16,27.2356,
854,17,17,38.5181,17,27.7591,
855,17,17,38.563,17,27.7815,
856,17,17,38.6081,17,27.804,
857,17,17,38.6532,17,27.8266,
858,17,17,38.6984,17,27.8492,
859,17,17,38.7437,17,27.8718,
860,18,18,38.7891,18,28.3945,
861,18,18,38.8325,18,28.4162,
862,18,18,38.876,18,28.438,
863,18,18,38.9195,18,28.4598,
864,18,18,38.9632,18,28.4816,
865,18,18,39.007,18,28.5035,
866,18,18,39.0508,18,28.5254,
867,19,19,39.0948,19,29.0474,
868,19,19,39.1367,19,29.0684,
869,19,19,39.1788,19,29.0894,
870,19,19,39.2209,19,29.1104,
871,19,19,39.2631,19,29.1316,
872,19,19,39.3054,19,29.1527,
873,20,20,39.3478,20,29.6739,
874,20,20,39.3882,20,29.6941,
875,20,20,39.4287,20,29.7143,
876,20,20,39.4692,20,29.7346,
877,20,20,39.5099,20,29.7549,
878,20,20,39.5506,20,29.7753,
879,20,20,39.5914,20,29.7957,
880,21,21,39.6323,21,30.3162,
881,21,21,39.6712,21,30.3356,
882,21,21,39.7102,21,30.3551,
883,21,21,39.7493,21,30.3746,
884,21,21,39.7884,21,30.3942,
885,21,21,39.8276,21,30.4138,
886,22,22,39.8669,22,30.9335,
887,22,22,39.9042,22,30.9521,
888,22,22,39.9416,22,30.9708,
889,22,22,39.9791,22,30.9895,
890,22,22,40.0166,22,31.0083,
891,22,22,40.0542,22,31.0271,
892,22,22,40.0919,22,31.046,
893,23,23,40.1297,22.723,31.5648,
894,23,23,40.1654,22.7224,31.5827,
895,23,23,40.2013,22.7218,31.6006,
896,23,23,40.2372,22.7212,31.6186,
897,23,23,40.2732,22.7207,31.6366,
898,23,23,40.3092,22.7201,31.6546,
899,24,24,40.3454,22.7195,32.1727,
900,24,24,40.3795,22.7168,32.1897,
901,24,24,40.4137,22.7141,32.2068,
902,24,24,40.448,22.7115,32.224,
903,24,24,40.4823,22.7088,32.2411,
904,24,24,40.5167,22.7061,32.2584,
905,24,24,40.5512,22.7034,32.2756,
906,25,25,40.5857,22.7007,32.7929,
907,25,25,40.6183,22.6959,32.8091,
908,25,25,40.6509,22.6911,32.8254,
909,25,25,40.6836,22.6862,32.8418,
910,25,25,40.7163,22.6814,32.8581,
911,25,25,40.7491,22.6766,32.8746,
912,26,26,40.782,22.6717,33.391,
913,26,26,40.8128,22.6648,33.4064,
914,26,26,40.8438,22.6578,33.4219,
915,26,26,40.8748,22.6508,33.4374,
916,26,26,40.9058,22.6438,33.4529,
917,26,26,40.9369,22.6368,33.4685,
918,26,26,40.9681,22.6298,33.4841,
919,27,27,40.9994,22.6228,33.9997,
920,27,27,41.0286,22.6136,34.0143,
921,27,27,41.0579,22.6045,34.0289,
922,27,27,41.0872,22.5953,34.0436,
923,27,27,41.1166,22.5861,34.0583,
924,27,27,41.1461,22.5769,34.0731,
925,28,28,41.1756,22.5677,34.5878,
926,28,28,41.2031,22.5563,34.6016,
927,28,28,41.2307,22.545,34.6154,
928,28,28,41.2583,22.5336,34.6292,
929,28,28,41.286,22.5221,34.643,
930,28,28,41.3138,22.5107,34.6569,
931,28,28,41.3415,22.4993,34.6708,
932,29,29,41.3694,22.4878,35.1847,
933,29,29,41.3952,22.4742,35.1976,
934,29,29,41.4211,22.4606,35.2106,
935,29,29,41.447,22.4469,35.2235,
936,29,29,41.473,22.4332,35.2365,
937,29,29,41.4991,22.4195,35.2495,
938,29,29,41.5252,22.4058,35.2626,
939,30,30,41.5513,22.392,35.7756,
940,30,30,41.5754,22.3761,35.7877,
941,30,30,41.5996,22.3602,35.7998,
942,30,30,41.6238,22.3443,35.8119,
943,30,30,41.6481,22.3283,35.824,
944,30,30,41.6724,22.3123,35.8362,
945,30,30,41.6967,22.2962,35.8484,
946,31,31,41.7212,22.2801,36.3606,
947,31,31,41.7436,22.2619,36.3718,
948,31,31,41.766,22.2437,36.383,
949,31,31,41.7885,22.2254,36.3942,
950,31,31,41.811,22.2071,36.4055,
951,31,31,41.8335,22.1887,36.4168,
952,31,31,41.8562,22.1703,36.4281,
953,32,32,41.8788,22.1519,36.9394,
954,32,32,41.8995,22.1313,36.9497,
955,32,32,41.9201,22.1107,36.9601,
956,32,32,41.9408,22.0901,36.9704,
957,32,32,41.9616,22.0694,36.9808,
958,32,32,41.9824,22.0487,36.9912,
959,32,32,42.0032,22.0279,37.0016,
960,33,33,42.0241,22.0071,37.5121,
961,33,33,42.0429,21.9841,37.5215,
962,33,33,42.0618,21.9611,37.5309,
963,33,33,42.0807,21.9381,37.5404,
964,33,33,42.0997,21.915,37.5498,
965,33,33,42.1187,21.8918,37.5593,
966,33,33,42.1377,21.8687,37.5689,
967,33,33,42.1568,21.8454,37.5784,
968,34,34,42.1759,21.8221,38.088,
969,34,34,42.193,21.7967,38.0965,
970,34,34,42.2101,21.7712,38.105,
971,34,34,42.2272,21.7457,38.1136,
972,34,34,42.2444,21.7201,38.1222,
973,34,34,42.2616,21.6945,38.1308,
974,34,34,42.2789,21.6688,38.1394,
975,34,34,42.2962,21.643,38.1481,
976,35,35,42.3135,21.6172,38.6567,
977,35,35,42.3287,21.5893,38.6644,
978,35,35,42.344,21.5613,38.672,
979,35,35,42.3594,21.5333,38.6797,
980,35,35,42.3747,21.5051,38.6874,
981,35,35,42.3901,21.477,38.6951,
982,35,35,42.4056,21.4487,38.7028,
983,35,35,42.421,21.4204,38.7105,
984,36,36,42.4365,21.3921,39.2183,
985,36,36,42.45,21.3616,39.225,
986,36,36,42.4634,21.331,39.2317,
987,36,36,42.4769,21.3004,39.2385,
988,36,36,42.4904,21.2697,39.2452,
989,36,36,42.504,21.239,39.252,
990,36,36,42.5176,21.2082,39.2588,
991,36,36,42.5312,21.1773,39.2656,
992,37,37,42.5448,21.1463,39.7724,
993,37,37,42.5564,21.1132,39.7782,
994,37,37,42.568,21.0801,39.784,
995,37,37,42.5796,21.0468,39.7898,
996,37,37,42.5913,21.0135,39.7956,
997,37,37,42.6029,20.9801,39.8015,
998,37,37,42.6146,20.9467,39.8073,
999,37,37,42.6263,20.9132,39.8132,
1000,37,37,42.6381,20.8796,39.819,
1001,38,38,42.6499,20.846,40.3249,
1002,38,38,42.6596,20.8101,40.3298,
1003,38,38,42.6693,20.7743,40.3346,
1004,38,38,42.679,20.7383,40.3395,
1005,38,38,42.6888,20.7023,40.3444,
1006,38,38,42.6986,20.6661,40.3493,
1007,38,38,42.7084,20.63,40.3542,
1008,38,38,42.7182,20.5937,40.3591,
1009,38,38,42.7281,20.5574,40.364,
1010,38,38,42.738,20.5209,40.369,
1011,39,39,42.7479,20.4844,40.8739,
1012,39,39,42.7557,20.4458,40.8778,
1013,39,39,42.7635,20.4071,40.8818,
1014,39,39,42.7714,20.3682,40.8857,
1015,39,39,42.7793,20.3293,40.8896,
1016,39,39,42.7871,20.2904,40.8936,
1017,39,39,42.795,20.2513,40.8975,
1018,39,39,42.803,20.2122,40.9015,
1019,39,39,42.8109,20.1729,40.9055,
1020,39,39,42.8189,20.1336,40.9094,
1021,39,39,42.8268,20.0942,40.9134,
1022,40,40,42.8348,20.0548,41.4174,
1023,40,40,42.8407,20.0131,41.4204,
1024,40,40,42.8467,19.9714,41.4233,
1025,40,40,42.8526,19.9296,41.4263,
1026,40,40,42.8586,19.8877,41.4293,
1027,40,40,42.8645,19.8457,41.4323,
1028,40,40,42.8705,19.8036,41.4353,
1029,40,40,42.8765,19.7615,41.4383,
1030,40,40,42.8825,19.7192,41.4413,
1031,40,40,42.8885,19.6769,41.4443,
1032,40,40,42.8946,19.6345,41.4473,
1033,40,40,42.9006,19.5919,41.4503,
1034,41,41,42.9067,19.5493,41.9533,
1035,41,41,42.9106,19.5045,41.9553,
1036,41,41,42.9146,19.4597,41.9573,
1037,41,41,42.9186,19.4147,41.9593,
1038,41,41,42.9226,19.3696,41.9613,
1039,41,41,42.9267,19.3245,41.9633,
1040,41,41,42.9307,19.2792,41.9653,
1041,41,41,42.9347,19.2339,41.9674,
1042,41,41,42.9387,19.1884,41.9694,
1043,41,41,42.9428,19.1429,41.9714,
1044,41,41,42.9468,19.0973,41.9734,
1045,41,41,42.9509,19.0516,41.9755,
1046,41,41,42.955,19.0057,41.9775,
1047,41,41,42.9591,18.9598,41.9795,
1048,42,42,42.9632,18.9138,42.4816,
1049,42,42,42.9652,18.8656,42.4826,
1050,42,42,42.9672,18.8173,42.4836,
1051,42,42,42.9692,18.7689,42.4846,
1052,42,42,42.9712,18.7204,42.4856,
1053,42,42,42.9733,18.6718,42.4866,
1054,42,42,42.9753,18.6231,42.4876,
1055,42,42,42.9773,18.5743,42.4887,
1056,42,42,42.9794,18.5254,42.4897,
1057,42,42,42.9814,18.4764,42.4907,
1058,42,42,42.9835,18.4273,42.4917,
1059,42,42,42.9855,18.3781,42.4928,
1060,42,42,42.9876,18.3288,42.4938,
1061,42,42,42.9896,18.2793,42.4948,
1062,42,42,42.9917,18.2298,42.4958,
1063,42,42,42.9938,18.1802,42.4969,
1064,42,42,42.9958,18.1305,42.4979,
1065,42,42,42.9979,18.0806,42.499,
1066,43,43,43,18.0307,43,
1067,43,43,43,17.9786,43,
1068,43,43,43,17.9263,43,
1069,43,43,43,17.874,43,
1070,43,43,43,17.8215,43,
1071,43,43,43,17.769,43,
1072,43,43,43,17.7163,43,
1073,43,43,43,17.6635,43,
1074,43,43,43,17.6106,43,
1075,43,43,43,17.5576,43,
1076,43,43,43,17.5045,43,
1077,43,43,43,17.4513,43,
1078,43,43,43,17.3979,43,
1079,43,43,43,17.3445,43,
1080,43,43,43,17.2909,43,
1081,43,43,43,17.2372,43,
1082,43,43,43,17.1835,43,
1083,43,43,43,17.1296,43,
1084,43,43,43,17.0756,43,
1085,43,43,43,17.0214,43,
1086,43,43,43,16.9672,43,
1087,43,43,43,16.9128,43,
1088,43,43,43,16.8584,43,
1089,43,43,43,16.8038,43,
1090,43,43,43,16.7491,43,
1091,43,43,43,16.6943,43,
1092,43,43,43,16.6394,43,
1093,43,43,43,16.5844,43,
1094,43,43,43,16.5292,43,
1095,43,43,43,16.474,43,
1096,43,43,43,16.4186,43,
1097,43,43,43,16.3631,43,
1098,43,43,43,16.3075,43,
1099,43,43,43,16.2517,43,
1100,43,43,43,16.1959,43,
1101,43,43,43,16.1399,43,
1102,43,43,43,16.0839,43,
1103,43,43,43,16.0277,43,
1104,43,43,43,15.9714,43,
1105,43,43,43,15.9149,43,
1106,43,43,43,15.8584,43,
1107,43,43,43,15.8017,43,
1108,43,43,43,15.745,43,
1109,43,43,43,15.6881,43,
1110,43,43,43,15.631,43,
1111,43,43,43,15.5739,43,
1112,43,43,43,15.5166,43,
1113,43,43,43,15.4593,43,
1114,43,43,43,15.4018,43,
1115,43,43,43,15.3442,43,
1116,43,43,43,15.2864,43,
1117,43,43,43,15.2286,43,
1118,43,43,43,15.1706,43,
1119,43,43,43,15.1125,43,
1120,43,43,43,15.0543,43,
1121,43,43,43,14.9959,43,
1122,43,43,43,14.9375,43,
1123,43,43,43,14.8789,43,
1124,43,43,43,14.8202,43,
1125,43,43,43,14.7613,43,
1126,43,43,43,14.7024,43,
1127,43,43,43,14.6433,43,
1128,43,43,43,14.5841,43,
1129,43,43,43,14.5248,43,
1130,43,43,43,14.4653,43,
1131,43,43,43,14.4058,43,
1132,43,43,43,14.3461,43,
1133,43,43,43,14.2862,43,
1134,43,43,43,14.2263,43,
1135,43,43,43,14.1662,43,
1136,43,43,43,14.106,43,
1137,43,43,43,14.0457,43,
1138,43,43,43,13.9853,43,
1139,43,43,43,13.9247,43,
1140,43,43,43,13.864,43,
1141,43,43,43,13.8032,43,
1142,43,43,43,13.7422,43,
1143,43,43,43,13.6811,43,
1144,43,43,43,13.6199,43,
1145,43,43,43,13.5586,43,
1146,42,42,42,13.4971,42,
1147,42,42,42,13.4376,42,
1148,42,42,42,13.378,42,
1149,42,42,42,13.3182,42,
1150,42,42,42,13.2584,42,
1151,42,42,42,13.1984,42,
1152,42,42,42,13.1382,42,
1153,42,42,42,13.078,42,
1154,42,42,42,13.0176,42,
1155,42,42,42,12.9571,42,
1156,42,42,42,12.8964,42,
1157,42,42,42,12.8357,42,
1158,42,42,42,12.7748,42,
1159,42,42,42,12.7138,42,
1160,42,42,42,12.6527,42,
1161,42,42,42,12.5914,42,
1162,42,42,42,12.53,42,
1163,42,42,42,12.4685,42,
1164,41,41,41,12.4068,41,
1165,41,41,41,12.3471,41,
1166,41,41,41,12.2873,41,
1167,41,41,41,12.2274,41,
1168,41,41,41,12.1673,41,
1169,41,41,41,12.1071,41,
1170,41,41,41,12.0468,41,
1171,41,41,41,11.9863,41,
1172,41,41,41,11.9258,41,
1173,41,41,41,11.8651,41,
1174,41,41,41,11.8042,41,
1175,41,41,41,11.7433,41,
1176,41,41,41,11.6822,41,
1177,41,41,41,11.621,41,
1178,40,40,40,11.5597,40,
1179,40,40,40,11.5003,40,
1180,40,40,40,11.4408,40,
1181,40,40,40,11.3812,40,
1182,40,40,40,11.3214,40,
1183,40,40,40,11.2616,40,
1184,40,40,40,11.2016,40,
1185,40,40,40,11.1414,40,
1186,40,40,40,11.0812,40,
1187,40,40,40,11.0208,40,
1188,40,40,40,10.9603,40,
1189,40,40,40,10.8997,40,
1190,39,39,39,10.8389,39,
1191,39,39,39,10.7801,39,
1192,39,39,39,10.7212,39,
1193,39,39,39,10.6622,39,
1194,39,39,39,10.603,39,
1195,39,39,39,10.5437,39,
1196,39,39,39,10.4843,39,
1197,39,39,39,10.4248,39,
1198,39,39,39,10.3652,39,
1199,39,39,39,10.3054,39,
1200,39,39,39,10.2455,39,
1201,38,38,38,10.1854,38,
1202,38,38,38,10.1274,38,
1203,38,38,38,10.0692,38,
1204,38,38,38,10.0109,38,
1205,38,38,38,9.95244,38,
1206,38,38,38,9.89388,38,
1207,38,38,38,9.83521,38,
1208,38,38,38,9.77641,38,
1209,38,38,38,9.71749,38,
1210,38,38,38,9.65844,38,
1211,37,37,37,9.59927,37,
1212,37,37,37,9.54207,37,
1213,37,37,37,9.48474,37,
1214,37,37,37,9.4273,37,
1215,37,37,37,9.36974,37,
1216,37,37,37,9.31206,37,
1217,37,37,37,9.25425,37,
1218,37,37,37,9.19633,37,
1219,37,37,37,9.13828,37,
1220,36,36,36,9.08012,36,
1221,36,36,36,9.02392,36,
1222,36,36,36,8.9676,36,
1223,36,36,36,8.91116,36,
1224,36,36,36,8.85461,36,
1225,36,36,36,8.79794,36,
1226,36,36,36,8.74115,36,
1227,36,36,36,8.68424,36,
1228,35,35,35,8.62722,35,
1229,35,35,35,8.57216,35,
1230,35,35,35,8.51698,35,
1231,35,35,35,8.4617,35,
1232,35,35,35,8.40629,35,
1233,35,35,35,8.35077,35,
1234,35,35,35,8.29514,35,
1235,35,35,35,8.23939,35,
1236,34,34,34,8.18352,34,
1237,34,34,34,8.12962,34,
1238,34,34,34,8.07561,34,
1239,34,34,34,8.02149,34,
1240,34,34,34,7.96726,34,
1241,34,34,34,7.91291,34,
1242,34,34,34,7.85845,34,
1243,34,34,34,7.80387,34,
1244,33,33,33,7.74918,33,
1245,33,33,33,7.69647,33,
1246,33,33,33,7.64364,33,
1247,33,33,33,7.59071,33,
1248,33,33,33,7.53766,33,
1249,33,33,33,7.4845,33,
1250,33,33,33,7.43123,33,
1251,33,33,33,7.37785,33,
1252,32,32,32,7.32436,32,
1253,32,32,32,7.27285,32,
1254,32,32,32,7.22123,32,
1255,32,32,32,7.16949,32,
1256,32,32,32,7.11766,32,
1257,32,32,32,7.06571,32,
1258,32,32,32,7.01366,32,
1259,31,31,31,6.96149,31,
1260,31,31,31,6.91131,31,
1261,31,31,31,6.86102,31,
1262,31,31,31,6.81062,31,
1263,31,31,31,6.76012,31,
1264,31,31,31,6.70952,31,
1265,31,31,31,6.65881,31,
1266,30,30,30,6.60799,30,
1267,30,30,30,6.55916,30,
1268,30,30,30,6.51022,30,
1269,30,30,30,6.46118,30,
1270,30,30,30,6.41204,30,
1271,30,30,30,6.36279,30,
1272,30,30,30,6.31345,30,
1273,29,29,29,6.264,29,
1274,29,29,29,6.21653,29,
1275,29,29,29,6.16897,29,
1276,29,29,29,6.1213,29,
1277,29,29,29,6.07354,29,
1278,29,29,29,6.02568,29,
1279,29,29,29,5.97771,29,
1280,28,28,28,5.92965,28,
1281,28,28,28,5.88357,28,
1282,28,28,28,5.8374,28,
1283,28,28,28,5.79113,28,
1284,28,28,28,5.74477,28,
1285,28,28,28,5.69831,28,
1286,28,28,28,5.65175,28,
1287,27,27,27,5.60509,27,
1288,27,27,27,5.56043,27,
1289,27,27,27,5.51567,27,
1290,27,27,27,5.47081,27,
1291,27,27,27,5.42587,27,
1292,27,27,27,5.38083,27,
1293,26,26,26,5.33569,26,
1294,26,26,26,5.29255,26,
1295,26,26,26,5.24932,26,
1296,26,26,26,5.206,26,
1297,26,26,26,5.16259,26,
1298,26,26,26,5.11909,26,
1299,26,26,26,5.0755,26,
1300,25,25,25,5.03181,25,
1301,25,25,25,4.99013,25,
1302,25,25,25,4.94835,25,
1303,25,25,25,4.90649,25,
1304,25,25,25,4.86454,25,
1305,25,25,25,4.8225,25,
1306,24,24,24,4.78038,24,
1307,24,24,24,4.74026,24,
1308,24,24,24,4.70005,24,
1309,24,24,24,4.65975,24,
1310,24,24,24,4.61938,24,
1311,24,24,24,4.57892,24,
1312,24,24,24,4.53837,24,
1313,23,23,23,4.49774,23,
1314,23,23,23,4.45912,23,
1315,23,23,23,4.42041,23,
1316,23,23,23,4.38162,23,
1317,23,23,23,4.34275,23,
1318,23,23,23,4.3038,23,
1319,22,22,22,4.26477,22,
1320,22,22,22,4.22774,22,
1321,22,22,22,4.19064,22,
1322,22,22,22,4.15346,22,
1323,22,22,22,4.1162,22,
1324,22,22,22,4.07887,22,
1325,22,22,22,4.04145,22,
1326,22,22,22,4.00396,22,
1327,22,22,22,3.96639,22,
1328,22,22,22,3.92874,22,
1329,21,21,21.4375,3.89102,21.2187,
1330,21,21,21.4384,3.8553,21.2192,
1331,21,21,21.4393,3.81951,21.2197,
1332,21,21,21.4402,3.78364,21.2201,
1333,21,21,21.4411,3.7477,21.2206,
1334,21,21,21.4421,3.71168,21.221,
1335,20,20,21.443,3.67559,20.7215,
1336,20,20,21.446,3.64151,20.723,
1337,20,20,21.449,3.60735,20.7245,
1338,20,20,21.452,3.57313,20.726,
1339,20,20,21.4551,3.53884,20.7275,
1340,20,20,21.4581,3.50447,20.7291,
1341,20,20,21.4612,3.47003,20.7306,
1342,19,19,21.4642,3.43552,20.2321,
1343,19,19,21.4694,3.40303,20.2347,
1344,19,19,21.4745,3.37047,20.2373,
1345,19,19,21.4797,3.33784,20.2398,
1346,19,19,21.4849,3.30514,20.2424,
1347,19,19,21.49,3.27238,20.245,
1348,18,18,21.4952,3.23954,19.7476,
1349,18,18,21.5025,3.20873,19.7513,
1350,18,18,21.5098,3.17785,19.7549,
1351,18,18,21.5172,3.1469,19.7586,
1352,18,18,21.5245,3.1159,19.7623,
1353,18,18,21.5319,3.08482,19.7659,
1354,18,18,21.5393,3.05368,19.7696,
1355,17,17,21.5466,3.02248,19.2733,
1356,17,17,21.5561,2.9933,19.2781,
1357,17,17,21.5656,2.96406,19.2828,
1358,17,17,21.5752,2.93476,19.2876,
1359,17,17,21.5847,2.90539,19.2924,
1360,17,17,21.5943,2.87597,19.2971,
1361,17,17,21.6039,2.84648,19.3019,
1362,16,16,21.6135,2.81693,18.8068,
1363,16,16,21.6252,2.78941,18.8126,
1364,16,16,21.637,2.76183,18.8185,
1365,16,16,21.6487,2.73419,18.8244,
1366,16,16,21.6605,2.7065,18.8303,
1367,16,16,21.6723,2.67875,18.8362,
1368,15,15,21.6842,2.65094,18.3421,
1369,15,15,21.6981,2.62515,18.3491,
1370,15,15,21.7121,2.59932,18.3561,
1371,15,15,21.7261,2.57343,18.3631,
1372,15,15,21.7402,2.54749,18.3701,
1373,15,15,21.7542,2.52149,18.3771,
1374,15,15,21.7683,2.49544,18.3842,
1375,14,14,21.7825,2.46934,17.8912,
1376,14,14,21.7987,2.44526,17.8994,
1377,14,14,21.815,2.42114,17.9075,
1378,14,14,21.8313,2.39697,17.9157,
1379,14,14,21.8477,2.37274,17.9238,
1380,14,14,21.8641,2.34847,17.932,
1381,14,14,21.8805,2.32415,17.9402,
1382,13,13,21.8969,2.29977,17.4485,
1383,13,13,21.9155,2.27743,17.4577,
1384,13,13,21.9341,2.25505,17.4671,
1385,13,13,21.9528,2.23261,17.4764,
1386,13,13,21.9715,2.21013,17.4857,
1387,13,13,21.9902,2.18761,17.4951,
1388,13,13,22.009,2.16504,17.5045,
1389,12,12,22.0278,2.14242,17.0139,
1390,12,12,22.0487,2.12184,17.0243,
1391,12,12,22.0697,2.10121,17.0348,
1392,12,12,22.0907,2.08055,17.0453,
1393,12,12,22.1118,2.05984,17.0559,
1394,12,12,22.1329,2.03909,17.0664,
1395,12,12,22.154,2.01829,17.077,
1396,12,12,22.1752,1.99745,17.0876,
1397,11,11,22.1965,1.97657,16.5982,
1398,11,11,22.2198,1.95773,16.6099,
1399,11,11,22.2433,1.93886,16.6216,
1400,11,11,22.2667,1.91994,16.6334,
1401,11,11,22.2903,1.90098,16.6451,
1402,11,11,22.3138,1.88199,16.6569,
1403,11,11,22.3374,1.86295,16.6687,
1404,10,10,22.3611,1.84388,16.1806,
1405,10,10,22.3869,1.82685,16.1935,
1406,10,10,22.4128,1.80979,16.2064,
1407,10,10,22.4387,1.79269,16.2193,
1408,10,10,22.4647,1.77555,16.2323,
1409,10,10,22.4907,1.75838,16.2453,
1410,10,10,22.5168,1.74118,16.2584,
1411,10,10,22.5429,1.72394,16.2714,
1412,9,9,22.5691,1.70666,15.7845,
1413,9,9,22.5974,1.69143,15.7987,
1414,9,9,22.6258,1.67617,15.8129,
1415,9,9,22.6542,1.66088,15.8271,
1416,9,9,22.6827,1.64556,15.8414,
1417,9,9,22.7113,1.63021,15.8557,
1418,9,9,22.7399,1.61482,15.87,
1419,9,9,22.7686,1.5994,15.8843,
1420,8,8,22.7974,1.58395,15.3987,
1421,8,8,22.8283,1.57056,15.4141,
1422,8,8,22.8592,1.55714,15.4296,
1423,8,8,22.8902,1.54369,15.4451,
1424,8,8,22.9213,1.53021,15.4607,
1425,8,8,22.9525,1.5167,15.4762,
1426,8,8,22.9837,1.50317,15.4918,
1427,8,8,23.015,1.4896,15.5075,
1428,8,8,23.0463,1.47601,15.5232,
1429,7,7,23.0777,1.46239,15.0389,
1430,7,7,23.1113,1.45083,15.0556,
1431,7,7,23.1449,1.43925,15.0725,
1432,7,7,23.1786,1.42764,15.0893,
1433,7,7,23.2124,1.416,15.1062,
1434,7,7,23.2463,1.40435,15.1231,
1435,7,7,23.2802,1.39266,15.1401,
1436,7,7,23.3142,1.38096,15.1571,
1437,7,7,23.3482,1.36923,15.1741,
1438,6,6,23.3824,1.35747,14.6912,
1439,6,6,23.4186,1.34778,14.7093,
1440,6,6,23.455,1.33807,14.7275,
1441,6,6,23.4914,1.32833,14.7457,
1442,6,6,23.528,1.31858,14.764,
1443,6,6,23.5646,1.30881,14.7823,
1444,6,6,23.6012,1.29901,14.8006,
1445,6,6,23.638,1.2892,14.819,
1446,6,6,23.6748,1.27937,14.8374,
1447,6,6,23.7117,1.26951,14.8558,
1448,5,5,23.7487,1.25963,14.3743,
1449,5,5,23.7878,1.25183,14.3939,
1450,5,5,23.827,1.244,14.4135,
1451,5,5,23.8663,1.23616,14.4332,
1452,5,5,23.9057,1.2283,14.4529,
1453,5,5,23.9452,1.22043,14.4726,
1454,5,5,23.9847,1.21254,14.4924,
1455,5,5,24.0244,1.20463,14.5122,
1456,5,5,24.0641,1.19671,14.532,
1457,5,5,24.1039,1.18877,14.5519,
1458,5,5,24.1438,1.18081,14.5719,
1459,4,4,24.1837,1.17284,14.0919,
1460,4,4,24.2259,1.16693,14.1129,
1461,4,4,24.2681,1.16102,14.1341,
1462,4,4,24.3104,1.15509,14.1552,
1463,4,4,24.3528,1.14915,14.1764,
1464,4,4,24.3953,1.1432,14.1977,
1465,4,4,24.4379,1.13724,14.2189,
1466,4,4,24.4806,1.13126,14.2403,
1467,4,4,24.5233,1.12527,14.2617,
1468,4,4,24.5662,1.11927,14.2831,
1469,4,4,24.6091,1.11326,14.3046,
1470,4,4,24.6521,1.10723,14.3261,
1471,3,3,24.6952,1.10119,13.8476,
1472,3,3,24.7405,1.09723,13.8703,
1473,3,3,24.7859,1.09325,13.893,
1474,3,3,24.8314,1.08927,13.9157,
1475,3,3,24.877,1.08528,13.9385,
1476,3,3,24.9227,1.08129,13.9613,
1477,3,3,24.9684,1.07728,13.9842,
1478,3,3,25.0143,1.07327,14.0071,
1479,3,3,25.0602,1.06925,14.0301,
1480,3,3,25.1063,1.06521,14.0531,
1481,3,3,25.1524,1.06118,14.0762,
1482,3,3,25.1987,1.05713,14.0993,
1483,3,3,25.245,1.05307,14.1225,
1484,3,3,25.2915,1.04901,14.1457,
1485,3,3,25.338,1.04493,14.169,
1486,2,2,25.3847,1.04085,13.6923,
1487,2,2,25.4335,1.03885,13.7167,
1488,2,2,25.4824,1.03684,13.7412,
1489,2,2,25.5314,1.03483,13.7657,
1490,2,2,25.5805,1.03282,13.7903,
1491,2,2,25.6298,1.0308,13.8149,
1492,2,2,25.6791,1.02877,13.8396,
1493,2,2,25.7285,1.02675,13.8643,
1494,2,2,25.7781,1.02472,13.889,
1495,2,2,25.8277,1.02268,13.9139,
1496,2,2,25.8775,1.02064,13.9387,
1497,2,2,25.9273,1.01859,13.9637,
1498,2,2,25.9773,1.01655,13.9886,
1499,2,2,26.0273,1.01449,14.0137,
1500,2,2,26.0775,1.01244,14.0387,
1501,2,2,26.1277,1.01037,14.0639,
1502,2,2,26.1781,1.00831,14.0891,
1503,2,2,26.2286,1.00624,14.1143,
1504,2,2,26.2792,1.00416,14.1396,
1505,2,2,26.3299,1.00208,14.1649,
1506,1,1,26.3807,1,13.6903,
1507,1,1,26.4336,1,13.7168,
1508,1,1,26.4867,1,13.7434,
1509,1,1,26.5399,1,13.77,
1510,1,1,26.5933,1,13.7966,
1511,1,1,26.6467,1,13.8233,
1512,1,1,26.7002,1,13.8501,
1513,1,1,26.7539,1,13.8769,
1514,1,1,26.8077,1,13.9038,
1515,1,1,26.8615,1,13.9308,
1516,1,1,26.9155,1,13.9578,
1517,1,1,26.9696,1,13.9848,
1518,1,1,27.0238,1,14.0119,
1519,1,1,27.0782,1,14.0391,
1520,1,1,27.1326,1,14.0663,
1521,1,1,27.1872,1,14.0936,
1522,1,1,27.2418,1,14.1209,
1523,1,1,27.2966,1,14.1483,
1524,1,1,27.3515,1,14.1758,
1525,1,1,27.4065,1,14.2033,
1526,1,1,27.4617,1,14.2308,
1527,1,1,27.5169,1,14.2585,
1528,1,1,27.5723,1,14.2861,
1529,1,1,27.6278,1,14.3139,
1530,1,1,27.6833,1,14.3417,
1531,1,1,27.739,1,14.3695,
1532,1,1,27.7949,1,14.3974,
1533,1,1,27.8508,1,14.4254,
1534,1,1,27.9069,1,14.4534,
1535,1,1,27.963,1,14.4815,
1536,1,1,28.0193,1,14.5097,
1537,1,1,28.0757,1,14.5379,
1538,1,1,28.1323,1,14.5661,
1539,1,1,28.1889,1,14.5945,
1540,1,1,28.2457,1,14.6228,
1541,1,1,28.3025,1,14.6513,
1542,1,1,28.3595,1,14.6798,
1543,1,1,28.4167,1,14.7083,
1544,1,1,28.4739,1,14.737,
1545,1,1,28.5313,1,14.7656,
1546,1,1,28.5887,1,14.7944,
1547,1,1,28.6463,1,14.8232,
1548,1,1,28.704,1,14.852,
1549,1,1,28.7619,1,14.8809,
1550,1,1,28.8198,1,14.9099,
1551,1,1,28.8779,1,14.939,
1552,1,1,28.9361,1,14.9681,
1553,1,1,28.9944,1,14.9972,
1554,1,1,29.0529,1,15.0264,
1555,1,1,29.1115,1,15.0557,
1556,1,1,29.1701,1,15.0851,
1557,1,1,29.229,1,15.1145,
1558,1,1,29.2879,1,15.1439,
1559,1,1,29.3469,1,15.1735,
1560,1,1,29.4061,1,15.2031,
1561,1,1,29.4654,1,15.2327,
1562,1,1,29.5249,1,15.2624,
1563,1,1,29.5844,1,15.2922,
1564,1,1,29.6441,1,15.322,
1565,1,1,29.7039,1,15.3519,
1566,1,1,29.7638,1,15.3819,
1567,1,1,29.8239,1,15.4119,
1568,1,1,29.884,1,15.442,
1569,1,1,29.9443,1,15.4722,
1570,1,1,30.0048,1,15.5024,
1571,1,1,30.0653,1,15.5327,
1572,1,1,30.126,1,15.563,
1573,1,1,30.1868,1,15.5934,
1574,1,1,30.2477,1,15.6239,
1575,1,1,30.3088,1,15.6544,
1576,1,1,30.37,1,15.685,
1577,2,2,30.4313,2,16.2156,
1578,2,2,30.4906,2,16.2453,
1579,2,2,30.5501,2,16.2751,
1580,2,2,30.6097,2,16.3049,
1581,2,2,30.6695,2,16.3347,
1582,2,2,30.7293,2,16.3647,
1583,2,2,30.7893,2,16.3946,
1584,2,2,30.8494,2,16.4247,
1585,2,2,30.9096,2,16.4548,
1586,2,2,30.97,2,16.485,
1587,2,2,31.0304,2,16.5152,
1588,2,2,31.0911,2,16.5455,
1589,2,2,31.1518,2,16.5759,
1590,2,2,31.2126,2,16.6063,
1591,2,2,31.2736,2,16.6368,
1592,2,2,31.3347,2,16.6674,
1593,2,2,31.396,2,16.698,
1594,2,2,31.4574,2,16.7287,
1595,2,2,31.5189,2,16.7594,
1596,3,3,31.5805,3,17.2902,
1597,3,3,31.6401,3,17.3201,
1598,3,3,31.6999,3,17.35,
1599,3,3,31.7599,3,17.3799,
1600,3,3,31.8199,3,17.4099,
1601,3,3,31.8801,3,17.44,
1602,3,3,31.9404,3,17.4702,
1603,3,3,32.0008,3,17.5004,
1604,3,3,32.0613,3,17.5307,
1605,3,3,32.122,3,17.561,
1606,3,3,32.1828,3,17.5914,
1607,3,3,32.2437,3,17.6219,
1608,3,3,32.3048,3,17.6524,
1609,3,3,32.3659,3,17.683,
1610,3,3,32.4273,3,17.7136,
1611,4,4,32.4887,4,18.2443,
1612,4,4,32.5482,4,18.2741,
1613,4,4,32.6078,4,18.3039,
1614,4,4,32.6675,4,18.3337,
1615,4,4,32.7273,4,18.3637,
1616,4,4,32.7873,4,18.3937,
1617,4,4,32.8474,4,18.4237,
1618,4,4,32.9076,4,18.4538,
1619,4,4,32.968,4,18.484,
1620,4,4,33.0285,4,18.5142,
1621,4,4,33.0891,4,18.5445,
1622,4,4,33.1498,4,18.5749,
1623,5,5,33.2106,5,19.1053,
1624,5,5,33.2695,5,19.1348,
1625,5,5,33.3286,5,19.1643,
1626,5,5,33.3877,5,19.1938,
1627,5,5,33.447,5,19.2235,
1628,5,5,33.5063,5,19.2532,
1629,5,5,33.5659,5,19.2829,
1630,5,5,33.6255,5,19.3127,
1631,5,5,33.6853,5,19.3426,
1632,5,5,33.7451,5,19.3726,
1633,5,5,33.8052,5,19.4026,
1634,6,6,33.8653,6,19.9326,
1635,6,6,33.9235,6,19.9617,
1636,6,6,33.9818,6,19.9909,
1637,6,6,34.0402,6,20.0201,
1638,6,6,34.0987,6,20.0494,
1639,6,6,34.1574,6,20.0787,
1640,6,6,34.2162,6,20.1081,
1641,6,6,34.2751,6,20.1375,
1642,6,6,34.3341,6,20.167,
1643,6,6,34.3932,6,20.1966,
1644,7,7,34.4525,7,20.7263,
1645,7,7,34.5098,7,20.7549,
1646,7,7,34.5673,7,20.7836,
1647,7,7,34.6248,7,20.8124,
1648,7,7,34.6825,7,20.8412,
1649,7,7,34.7403,7,20.8701,
1650,7,7,34.7982,7,20.8991,
1651,7,7,34.8562,7,20.9281,
1652,7,7,34.9144,7,20.9572,
1653,8,8,34.9727,8,21.4863,
1654,8,8,35.029,8,21.5145,
1655,8,8,35.0854,8,21.5427,
1656,8,8,35.1419,8,21.571,
1657,8,8,35.1986,8,21.5993,
1658,8,8,35.2554,8,21.6277,
1659,8,8,35.3123,8,21.6561,
1660,8,8,35.3693,8,21.6847,
1661,8,8,35.4265,8,21.7132,
1662,9,9,35.4837,9,22.2419,
1663,9,9,35.539,9,22.2695,
1664,9,9,35.5944,9,22.2972,
1665,9,9,35.6499,9,22.325,
1666,9,9,35.7056,9,22.3528,
1667,9,9,35.7613,9,22.3807,
1668,9,9,35.8172,9,22.4086,
1669,9,9,35.8732,9,22.4366,
1670,10,10,35.9293,10,22.9646,
1671,10,10,35.9834,10,22.9917,
1672,10,10,36.0376,10,23.0188,
1673,10,10,36.092,10,23.046,
1674,10,10,36.1465,10,23.0732,
1675,10,10,36.2011,10,23.1005,
1676,10,10,36.2558,10,23.1279,
1677,10,10,36.3106,10,23.1553,
1678,11,11,36.3655,11,23.6828,
1679,11,11,36.4185,11,23.7092,
1680,11,11,36.4715,11,23.7358,
1681,11,11,36.5247,11,23.7624,
1682,11,11,36.578,11,23.789,
1683,11,11,36.6314,11,23.8157,
1684,11,11,36.6849,11,23.8424,
1685,12,12,36.7385,12,24.3693,
1686,12,12,36.7902,12,24.3951,
1687,12,12,36.8419,12,24.421,
1688,12,12,36.8938,12,24.4469,
1689,12,12,36.9458,12,24.4729,
1690,12,12,36.9978,12,24.4989,
1691,12,12,37.05,12,24.525,
1692,12,12,37.1023,12,24.5512,
1693,13,13,37.1547,13,25.0774,
1694,13,13,37.2051,13,25.1026,
1695,13,13,37.2557,13,25.1278,
1696,13,13,37.3063,13,25.1532,
1697,13,13,37.3571,13,25.1785,
1698,13,13,37.4079,13,25.204,
1699,13,13,37.4589,13,25.2294,
1700,14,14,37.5099,14,25.755,
1701,14,14,37.559,14,25.7795,
1702,14,14,37.6082,14,25.8041,
1703,14,14,37.6575,14,25.8287,
1704,14,14,37.7069,14,25.8534,
1705,14,14,37.7564,14,25.8782,
1706,14,14,37.806,14,25.903,
1707,15,15,37.8557,15,26.4278,
1708,15,15,37.9034,15,26.4517,
1709,15,15,37.9512,15,26.4756,
1710,15,15,37.9991,15,26.4996,
1711,15,15,38.0471,15,26.5236,
1712,15,15,38.0952,15,26.5476,
1713,15,15,38.1435,15,26.5717,
1714,16,16,38.1918,16,27.0959,
1715,16,16,38.2381,16,27.119,
1716,16,16,38.2845,16,27.1423,
1717,16,16,38.331,16,27.1655,
1718,16,16,38.3777,16,27.1888,
1719,16,16,38.4244,16,27.2122,
1720,16,16,38.4712,16,27.2356,
1721,17,17,38.5181,17,27.7591,
1722,17,17,38.563,17,27.7815,
1723,17,17,38.6081,17,27.804,
1724,17,17,38.6532,17,27.8266,
1725,17,17,38.6984,17,27.8492,
1726,17,17,38.7437,17,27.8718,
1727,18,18,38.7891,18,28.3945,
1728,18,18,38.8325,18,28.4162,
1729,18,18,38.876,18,28.438,
1730,18,18,38.9195,18,28.4598,
1731,18,18,38.9632,18,28.4816,
1732,18,18,39.007,18,28.5035,
1733,18,18,39.0508,18,28.5254,
1734,19,19,39.0948,19,29.0474,
1735,19,19,39.1367,19,29.0684,
1736,19,19,39.1788,19,29.0894,
1737,19,19,39.2209,19,29.1104,
1738,19,19,39.2631,19,29.1316,
1739,19,19,39.3054,19,29.1527,
1740,20,20,39.3478,20,29.6739,
1741,20,20,39.3882,20,29.6941,
1742,20,20,39.4287,20,29.7143,
1743,20,20,39.4692,20,29.7346,
1744,20,20,39.5099,20,29.7549,
1745,20,20,39.5506,20,29.7753,
1746,20,20,39.5914,20,29.7957,
1747,21,21,39.6323,21,30.3162,
1748,21,21,39.6712,21,30.3356,
1749,21,21,39.7102,21,30.3551,
1750,21,21,39.7493,21,30.3746,
1751,21,21,39.7884,21,30.3942,
1752,21,21,39.8276,21,30.4138,
1753,22,22,39.8669,22,30.9335,
1754,22,22,39.9042,22,30.9521,
1755,22,22,39.9416,22,30.9708,
1756,22,22,39.9791,22,30.9895,
1757,22,22,40.0166,22,31.0083,
1758,22,22,40.0542,22,31.0271,
1759,22,22,40.0919,22,31.046,
1760,23,23,40.1297,22.723,31.5648,
1761,23,23,40.1654,22.7224,31.5827,
1762,23,23,40.2013,22.7218,31.6006,
1763,23,23,40.2372,22.7212,31.6186,
1764,23,23,40.2732,22.7207,31.6366,
1765,23,23,40.3092,22.7201,31.6546,
1766,24,24,40.3454,22.7195,32.1727,
1767,24,24,40.3795,22.7168,32.1897,
1768,24,24,40.4137,22.7141,32.2068,
1769,24,24,40.448,22.7115,32.224,
1770,24,24,40.4823,22.7088,32.2411,
1771,24,24,40.5167,22.7061,32.2584,
1772,24,24,40.5512,22.7034,32.2756,
1773,25,25,40.5857,22.7007,32.7929,
1774,25,25,40.6183,22.6959,32.8091,
1775,25,25,40.6509,22.6911,32.8254,
1776,25,25,40.6836,22.6862,32.8418,
1777,25,25,40.7163,22.6814,32.8581,
1778,25,25,40.7491,22.6766,32.8746,
1779,26,26,40.782,22.6717,33.391,
1780,26,26,40.8128,22.6648,33.4064,
1781,26,26,40.8438,22.6578,33.4219,
1782,26,26,40.8748,22.6508,33.4374,
1783,26,26,40.9058,22.6438,33.4529,
1784,26,26,40.9369,22.6368,33.4685,
1785,26,26,40.9681,22.6298,33.4841,
1786,27,27,40.9994,22.6228,33.9997,
1787,27,27,41.0286,22.6136,34.0143,
1788,27,27,41.0579,22.6045,34.0289,
1789,27,27,41.0872,22.5953,34.0436,
1790,27,27,41.1166,22.5861,34.0583,
1791,27,27,41.1461,22.5769,34.0731,
1792,28,28,41.1756,22.5677,34.5878,
1793,28,28,41.2031,22.5563,34.6016,
1794,28,28,41.2307,22.545,34.6154,
1795,28,28,41.2583,22.5336,34.6292,
1796,28,28,41.286,22.5221,34.643,
1797,28,28,41.3138,22.5107,34.6569,
1798,28,28,41.3415,22.4993,34.6708,
1799,29,29,41.3694,22.4878,35.1847,
1800,29,29,41.3952,22.4742,35.1976,
1801,29,29,41.4211,22.4606,35.2106,
1802,29,29,41.447,22.4469,35.2235,
1803,29,29,41.473,22.4332,35.2365,
1804,29,29,41.4991,22.4195,35.2495,
1805,29,29,41.5252,22.4058,35.2626,
1806,30,30,41.5513,22.392,35.7756,
1807,30,30,41.5754,22.3761,35.7877,
1808,30,30,41.5996,22.3602,35.7998,
1809,30,30,41.6238,22.3443,35.8119,
1810,30,30,41.6481,22.3283,35.824,
1811,30,30,41.6724,22.3123,35.8362,
1812,30,30,41.6967,22.2962,35.8484,
1813,31,31,41.7212,22.2801,36.3606,
1814,31,31,41.7436,22.2619,36.3718,
1815,31,31,41.766,22.2437,36.383,
1816,31,31,41.7885,22.2254,36.3942,
1817,31,31,41.811,22.2071,36.4055,
1818,31,31,41.8335,22.1887,36.4168,
1819,31,31,41.8562,22.1703,36.4281,
1820,32,32,41.8788,22.1519,36.9394,
1821,32,32,41.8995,22.1313,36.9497,
1822,32,32,41.9201,22.1107,36.9601,
1823,32,32,41.9408,22.0901,36.9704,
1824,32,32,41.9616,22.0694,36.9808,
1825,32,32,41.9824,22.0487,36.9912,
1826,32,32,42.0032,22.0279,37.0016,
1827,33,33,42.0241,22.0071,37.5121,
1828,33,33,42.0429,21.9841,37.5215,
1829,33,33,42.0618,21.9611,37.5309,
1830,33,33,42.0807,21.9381,37.5404,
1831,33,33,42.0997,21.915,37.5498,
1832,33,33,42.1187,21.8918,37.5593,
1833,33,33,42.1377,21.8687,37.5689,
1834,33,33,42.1568,21.8454,37.5784,
1835,34,34,42.1759,21.8221,38.088,
1836,34,34,42.193,21.7967,38.0965,
1837,34,34,42.2101,21.7712,38.105,
1838,34,34,42.2272,21.7457,38.1136,
1839,34,34,42.2444,21.7201,38.1222,
1840,34,34,42.2616,21.6945,38.1308,
1841,34,34,42.2789,21.6688,38.1394,
1842,34,34,42.2962,21.643,38.1481,
1843,35,35,42.3135,21.6172,38.6567,
1844,35,35,42.3287,21.5893,38.6644,
1845,35,35,42.344,21.5613,38.672,
1846,35,35,42.3594,21.5333,38.6797,
1847,35,35,42.3747,21.5051,38.6874,
1848,35,35,42.3901,21.477,38.6951,
1849,35,35,42.4056,21.4487,38.7028,
1850,35,35,42.421,21.4204,38.7105,
1851,36,36,42.4365,21.3921,39.2183,
1852,36,36,42.45,21.3616,39.225,
1853,36,36,42.4634,21.331,39.2317,
1854,36,36,42.4769,21.3004,39.2385,
1855,36,36,42.4904,21.2697,39.2452,
1856,36,36,42.504,21.239,39.252,
1857,36,36,42.5176,21.2082,39.2588,
1858,36,36,42.5312,21.1773,39.2656,
1859,37,37,42.5448,21.1463,39.7724,
1860,37,37,42.5564,21.1132,39.7782,
1861,37,37,42.568,21.0801,39.784,
1862,37,37,42.5796,21.0468,39.7898,
1863,37,37,42.5913,21.0135,39.7956,
1864,37,37,42.6029,20.9801,39.8015,
1865,37,37,42.6146,20.9467,39.8073,
1866,37,37,42.6263,20.9132,39.8132,
1867,37,37,42.6381,20.8796,39.819,
1868,38,38,42.6499,20.846,40.3249,
1869,38,38,42.6596,20.8101,40.3298,
1870,38,38,42.6693,20.7743,40.3346,
1871,38,38,42.679,20.7383,40.3395,
1872,38,38,42.6888,20.7023,40.3444,
1873,38,38,42.6986,20.6661,40.3493,
1874,38,38,42.7084,20.63,40.3542,
1875,38,38,42.7182,20.5937,40.3591,
1876,38,38,42.7281,20.5574,40.364,
1877,38,38,42.738,20.5209,40.369,
1878,39,39,42.7479,20.4844,40.8739,
1879,39,39,42.7557,20.4458,40.8778,
1880,39,39,42.7635,20.4071,40.8818,
1881,39,39,42.7714,20.3682,40.8857,
1882,39,39,42.7793,20.3293,40.8896,
1883,39,39,42.7871,20.2904,40.8936,
1884,39,39,42.795,20.2513,40.8975,
1885,39,39,42.803,20.2122,40.9015,
1886,39,39,42.8109,20.1729,40.9055,
1887,39,39,42.8189,20.1336,40.9094,
1888,39,39,42.8268,20.0942,40.9134,
1889,40,40,42.8348,20.0548,41.4174,
1890,40,40,42.8407,20.0131,41.4204,
1891,40,40,42.8467,19.9714,41.4233,
1892,40,40,42.8526,19.9296,41.4263,
1893,40,40,42.8586,19.8877,41.4293,
1894,40,40,42.8645,19.8457,41.4323,
1895,40,40,42.8705,19.8036,41.4353,
1896,40,40,42.8765,19.7615,41.4383,
1897,40,40,42.8825,19.7192,41.4413,
1898,40,40,42.8885,19.6769,41.4443,
1899,40,40,42.8946,19.6345,41.4473,
1900,40,40,42.9006,19.5919,41.4503,
1901,41,41,42.9067,19.5493,41.9533,
1902,41,41,42.9106,19.5045,41.9553,
1903,41,41,42.9146,19.4597,41.9573,
1904,41,41,42.9186,19.4147,41.9593,
1905,41,41,42.9226,19.3696,41.9613,
1906,41,41,42.9267,19.3245,41.9633,
1907,41,41,42.9307,19.2792,41.9653,
1908,41,41,42.9347,19.2339,41.9674,
1909,41,41,42.9387,19.1884,41.9694,
1910,41,41,42.9428,19.1429,41.9714,
1911,41,41,42.9468,19.0973,41.9734,
1912,41,41,42.9509,19.0516,41.9755,
1913,41,41,42.955,19.0057,41.9775,
1914,41,41,42.9591,18.9598,41.9795,
1915,42,42,42.9632,18.9138,42.4816,
1916,42,42,42.9652,18.8656,42.4826,
1917,42,42,42.9672,18.8173,42.4836,
1918,42,42,42.9692,18.7689,42.4846,
1919,42,42,42.9712,18.7204,42.4856,
1920,42,42,42.9733,18.6718,42.4866,
1921,42,42,42.9753,18.6231,42.4876,
1922,42,42,42.9773,18.5743,42.4887,
1923,42,42,42.9794,18.5254,42.4897,
1924,42,42,42.9814,18.4764,42.4907,
1925,42,42,42.9835,18.4273,42.4917,
1926,42,42,42.9855,18.3781,42.4928,
1927,42,42,42.9876,18.3288,42.4938,
1928,42,42,42.9896,18.2793,42.4948,
1929,42,42,42.9917,18.2298,42.4958,
1930,42,42,42.9938,18.1802,42.4969,
1931,42,42,42.9958,18.1305,42.4979,
1932,42,42,42.9979,18.0806,42.499,
1933,43,43,43,18.0307,43,
1934,43,43,43,17.9786,43,
1935,43,43,43,17.9263,43,
1936,43,43,43,17.874,43,
1937,43,43,43,17.8215,43,
1938,43,43,43,17.769,43,
1939,43,43,43,17.7163,43,
1940,43,43,43,17.6635,43,
1941,43,43,43,17.6106,43,
1942,43,43,43,17.5576,43,
1943,43,43,43,17.5045,43,
1944,43,43,43,17.4513,43,
1945,43,43,43,17.3979,43,
1946,43,43,43,17.3445,43,
1947,43,43,43,17.2909,43,
1948,43,43,43,17.2372,43,
1949,43,43,43,17.1835,43,
1950,43,43,43,17.1296,43,
1951,43,43,43,17.0756,43,
1952,43,43,43,17.0214,43,
1953,43,43,43,16.9672,43,
1954,43,43,43,16.9128,43,
1955,43,43,43,16.8584,43,
1956,43,43,43,16.8038,43,
1957,43,43,43,16.7491,43,
1958,43,43,43,16.6943,43,
1959,43,43,43,16.6394,43,
1960,43,43,43,16.5844,43,
1961,43,43,43,16.5292,43,
1962,43,43,43,16.474,43,
1963,43,43,43,16.4186,43,
1964,43,43,43,16.3631,43,
1965,43,43,43,16.3075,43,
1966,43,43,43,16.2517,43,
1967,43,43,43,16.1959,43,
1968,43,43,43,16.1399,43,
1969,43,43,43,16.0839,43,
1970,43,43,43,16.0277,43,
1971,43,43,43,15.9714,43,
1972,43,43,43,15.9149,43,
1973,43,43,43,15.8584,43,
1974,43,43,43,15.8017,43,
1975,43,43,43,15.745,43,
1976,43,43,43,15.6881,43,
1977,43,43,43,15.631,43,
1978,43,43,43,15.5739,43,
1979,43,43,43,15.5166,43,
1980,43,43,43,15.4593,43,
1981,43,43,43,15.4018,43,
1982,43,43,43,15.3442,43,
1983,43,43,43,15.2864,43,
1984,43,43,43,15.2286,43,
1985,43,43,43,15.1706,43,
1986,43,43,43,15.1125,43,
1987,43,43,43,15.0543,43,
1988,43,43,43,14.9959,43,
1989,43,43,43,14.9375,43,
1990,43,43,43,14.8789,43,
1991,43,43,43,14.8202,43,
1992,43,43,43,14.7613,43,
1993,43,43,43,14.7024,43,
1994,43,43,43,14.6433,43,
1995,43,43,43,14.5841,43,
1996,43,43,43,14.5248,43,
1997,43,43,43,14.4653,43,
1998,43,43,43,14.4058,43,
1999,43,43,43,14.3461,43,
2000,43,43,43,14.2862,43,
2001,43,43,43,14.2263,43,
2002,43,43,43,14.1662,43,
2003,43,43,43,14.106,43,
2004,43,43,43,14.0457,43,
2005,43,43,43,13.9853,43,
2006,43,43,43,13.9247,43,
2007,43,43,43,13.864,43,
2008,43,43,43,13.8032,43,
2009,43,43,43,13.7422,43,
2010,43,43,43,13.6811,43,
2011,43,43,43,13.6199,43,
2012,43,43,43,13.5586,43,
2013,42,42,42,13.4971,42,
2014,42,42,42,13.4376,42,
2015,42,42,42,13.378,42,
2016,42,42,42,13.3182,42,
2017,42,42,42,13.2584,42,
2018,42,42,42,13.1984,42,
2019,42,42,42,13.1382,42,
2020,42,42,42,13.078,42,
2021,42,42,42,13.0176,42,
2022,42,42,42,12.9571,42,
2023,42,42,42,12.8964,42,
2024,42,42,42,12.8357,42,
2025,42,42,42,12.7748,42,
2026,42,42,42,12.7138,42,
2027,42,42,42,12.6527,42,
2028,42,42,42,12.5914,42,
2029,42,42,42,12.53,42,
2030,42,42,42,12.4685,42,
2031,41,41,41,12.4068,41,
2032,41,41,41,12.3471,41,
2033,41,41,41,12.2873,41,
2034,41,41,41,12.2274,41,
2035,41,41,41,12.1673,41,
2036,41,41,41,12.1071,41,
2037,41,41,41,12.0468,41,
2038,41,41,41,11.9863,41,
2039,41,41,41,11.9258,41,
2040,41,41,41,11.8651,41,
2041,41,41,41,11.8042,41,
2042,41,41,41,11.7433,41,
2043,41,41,41,11.6822,41,
2044,41,41,41,11.621,41,
2045,40,40,40,11.5597,40,
2046,40,40,40,11.5003,40,
2047,40,40,40,11.4408,40,
2048,40,40,40,11.3812,40,
2049,40,40,40,11.3214,40,
2050,40,40,40,11.2616,40,
2051,40,40,40,11.2016,40,
2052,40,40,40,11.1414,40,
2053,40,40,40,11.0812,40,
2054,40,40,40,11.0208,40,
2055,40,40,40,10.9603,40,
2056,40,40,40,10.8997,40,
2057,39,39,39,10.8389,39,
2058,39,39,39,10.7801,39,
2059,39,39,39,10.7212,39,
2060,39,39,39,10.6622,39,
2061,39,39,39,10.603,39,
2062,39,39,39,10.5437,39,
2063,39,39,39,10.4843,39,
2064,39,39,39,10.4248,39,
2065,39,39,39,10.3652,39,
2066,39,39,39,10.3054,39,
2067,39,39,39,10.2455,39,
2068,38,38,38,10.1854,38,
2069,38,38,38,10.1274,38,
2070,38,38,38,10.0692,38,
2071,38,38,38,10.0109,38,
2072,38,38,38,9.95244,38,
2073,38,38,38,9.89388,38,
2074,38,38,38,9.83521,38,
2075,38,38,38,9.77641,38,
2076,38,38,38,9.71749,38,
2077,38,38,38,9.65844,38,
2078,37,37,37,9.59927,37,
2079,37,37,37,9.54207,37,
2080,37,37,37,9.48474,37,
2081,37,37,37,9.4273,37,
2082,37,37,37,9.36974,37,
2083,37,37,37,9.31206,37,
2084,37,37,37,9.25425,37,
2085,37,37,37,9.19633,37,
2086,37,37,37,9.13828,37,
2087,36,36,36,9.08012,36,
2088,36,36,36,9.02392,36,
2089,36,36,36,8.9676,36,
2090,36,36,36,8.91116,36,
2091,36,36,36,8.85461,36,
2092,36,36,36,8.79794,36,
2093,36,36,36,8.74115,36,
2094,36,36,36,8.68424,36,
2095,35,35,35,8.62722,35,
2096,35,35,35,8.57216,35,
2097,35,35,35,8.51698,35,
2098,35,35,35,8.4617,35,
2099,35,35,35,8.40629,35,
2100,35,35,35,8.35077,35,
2101,35,35,35,8.29514,35,
2102,35,35,35,8.23939,35,
2103,34,34,34,8.18352,34,
2104,34,34,34,8.12962,34,
2105,34,34,34,8.07561,34,
2106,34,34,34,8.02149,34,
2107,34,34,34,7.96726,34,
2108,34,34,34,7.91291,34,
2109,34,34,34,7.85845,34,
2110,34,34,34,7.80387,34,
2111,33,33,33,7.74918,33,
2112,33,33,33,7.69647,33,
2113,33,33,33,7.64364,33,
2114,33,33,33,7.59071,33,
2115,33,33,33,7.53766,33,
2116,33,33,33,7.4845,33,
2117,33,33,33,7.43123,33,
2118,33,33,33,7.37785,33,
2119,32,32,32,7.32436,32,
2120,32,32,32,7.27285,32,
2121,32,32,32,7.22123,32,
2122,32,32,32,7.16949,32,
2123,32,32,32,7.11766,32,
2124,32,32,32,7.06571,32,
2125,32,32,32,7.01366,32,
2126,31,31,31,6.96149,31,
2127,31,31,31,6.91131,31,
2128,31,31,31,6.86102,31,
2129,31,31,31,6.81062,31,
2130,31,31,31,6.76012,31,
2131,31,31,31,6.70952,31,
2132,31,31,31,6.65881,31,
2133,30,30,30,6.60799,30,
2134,30,30,30,6.55916,30,
2135,30,30,30,6.51022,30,
2136,30,30,30,6.46118,30,
2137,30,30,30,6.41204,30,
2138,30,30,30,6.36279,30,
2139,30,30,30,6.31345,30,
2140,29,29,29,6.264,29,
2141,29,29,29,6.21653,29,
2142,29,29,29,6.16897,29,
2143,29,29,29,6.1213,29,
2144,29,29,29,6.07354,29,
2145,29,29,29,6.02568,29,
2146,29,29,29,5.97771,29,
2147,28,28,28,5.92965,28,
2148,28,28,28,5.88357,28,
2149,28,28,28,5.8374,28,
2150,28,28,28,5.79113,28,
2151,28,28,28,5.74477,28,
2152,28,28,28,5.69831,28,
2153,28,28,28,5.65175,28,
2154,27,27,27,5.60509,27,
2155,27,27,27,5.56043,27,
2156,27,27,27,5.51567,27,
2157,27,27,27,5.47081,27,
2158,27,27,27,5.42587,27,
2159,27,27,27,5.38083,27,
2160,26,26,26,5.33569,26,
2161,26,26,26,5.29255,26,
2162,26,26,26,5.24932,26,
2163,26,26,26,5.206,26,
2164,26,26,26,5.16259,26,
2165,26,26,26,5.11909,26,
2166,26,26,26,5.0755,26,
2167,25,25,25,5.03181,25,
2168,25,25,25,4.99013,25,
2169,25,25,25,4.94835,25,
2170,25,25,25,4.90649,25,
2171,25,25,25,4.86454,25,
2172,25,25,25,4.8225,25,
2173,24,24,24,4.78038,24,
2174,24,24,24,4.74026,24,
2175,24,24,24,4.70005,24,
2176,24,24,24,4.65975,24,
2177,24,24,24,4.61938,24,
2178,24,24,24,4.57892,24,
2179,24,24,24,4.53837,24,
2180,23,23,23,4.49774,23,
2181,23,23,23,4.45912,23,
2182,23,23,23,4.42041,23,
2183,23,23,23,4.38162,23,
2184,23,23,23,4.34275,23,
2185,23,23,23,4.3038,23,
2186,22,22,22,4.26477,22,
2187,22,22,22,4.22774,22,
2188,22,22,22,4.19064,22,
2189,22,22,22,4.15346,22,
2190,22,22,22,4.1162,22,
2191,22,22,22,4.07887,22,
2192,22,22,22,4.04145,22,
2193,22,22,22,4.00396,22,
2194,22,22,22,3.96639,22,
2195,22,22,22,3.92874,22,
2196,21,21,21.4375,3.89102,21.2187,
2197,21,21,21.4384,3.8553,21.2192,
2198,21,21,21.4393,3.81951,21.2197,
2199,21,21,21.4402,3.78364,21.2201,
2200,21,21,21.4411,3.7477,21.2206,
2201,21,21,21.4421,3.71168,21.221,
2202,20,20,21.443,3.67559,20.7215,
2203,20,20,21.446,3.64151,20.723,
2204,20,20,21.449,3.60735,20.7245,
2205,20,20,21.452,3.57313,20.726,
2206,20,20,21.4551,3.53884,20.7275,
2207,20,20,21.4581,3.50447,20.7291,
2208,20,20,21.4612,3.47003,20.7306,
2209,19,19,21.4642,3.43552,20.2321,
2210,19,19,21.4694,3.40303,20.2347,
2211,19,19,21.4745,3.37047,20.2373,
2212,19,19,21.4797,3.33784,20.2398,
2213,19,19,21.4849,3.30514,20.2424,
2214,19,19,21.49,3.27238,20.245,
2215,18,18,21.4952,3.23954,19.7476,
2216,18,18,21.5025,3.20873,19.7513,
2217,18,18,21.5098,3.17785,19.7549,
2218,18,18,21.5172,3.1469,19.7586,
2219,18,18,21.5245,3.1159,19.7623,
2220,18,18,21.5319,3.08482,19.7659,
2221,18,18,21.5393,3.05368,19.7696,
2222,17,17,21.5466,3.02248,19.2733,
2223,17,17,21.5561,2.9933,19.2781,
2224,17,17,21.5656,2.96406,19.2828,
2225,17,17,21.5752,2.93476,19.2876,
2226,17,17,21.5847,2.90539,19.2924,
2227,17,17,21.5943,2.87597,19.2971,
2228,17,17,21.6039,2.84648,19.3019,
2229,16,16,21.6135,2.81693,18.8068,
2230,16,16,21.6252,2.78941,18.8126,
2231,16,16,21.637,2.76183,18.8185,
2232,16,16,21.6487,2.73419,18.8244,
2233,16,16,21.6605,2.7065,18.8303,
2234,16,16,21.6723,2.67875,18.8362,
2235,15,15,21.6842,2.65094,18.3421,
2236,15,15,21.6981,2.62515,18.3491,
2237,15,15,21.7121,2.59932,18.3561,
2238,15,15,21.7261,2.57343,18.3631,
2239,15,15,21.7402,2.54749,18.3701,
2240,15,15,21.7542,2.52149,18.3771,
2241,15,15,21.7683,2.49544,18.3842,
2242,14,14,21.7825,2.46934,17.8912,
2243,14,14,21.7987,2.44526,17.8994,
2244,14,14,21.815,2.42114,17.9075,
2245,14,14,21.8313,2.39697,17.9157,
2246,14,14,21.8477,2.37274,17.9238,
2247,14,14,21.8641,2.34847,17.932,
2248,14,14,21.8805,2.32415,17.9402,
2249,13,13,21.8969,2.29977,17.4485,
2250,13,13,21.9155,2.27743,17.4577,
2251,13,13,21.9341,2.25505,17.4671,
2252,13,13,21.9528,2.23261,17.4764,
2253,13,13,21.9715,2.21013,17.4857,
2254,13,13,21.9902,2.18761,17.4951,
2255,13,13,22.009,2.16504,17.5045,
2256,12,12,22.0278,2.14242,17.0139,
2257,12,12,22.0487,2.12184,17.0243,
2258,12,12,22.0697,2.10121,17.0348,
2259,12,12,22.0907,2.08055,17.0453,
2260,12,12,22.1118,2.05984,17.0559,
2261,12,12,22.1329,2.03909,17.0664,
2262,12,12,22.154,2.01829,17.077,
2263,12,12,22.1752,1.99745,17.0876,
2264,11,11,22.1965,1.97657,16.5982,
2265,11,11,22.2198,1.95773,16.6099,
2266,11,11,22.2433,1.93886,16.6216,
2267,11,11,22.2667,1.91994,16.6334,
2268,11,11,22.2903,1.90098,16.6451,
2269,11,11,22.3138,1.88199,16.6569,
2270,11,11,22.3374,1.86295,16.6687,
2271,10,10,22.3611,1.84388,16.1806,
2272,10,10,22.3869,1.82685,16.1935,
2273,10,10,22.4128,1.80979,16.2064,
2274,10,10,22.4387,1.79269,16.2193,
2275,10,10,22.4647,1.77555,16.2323,
2276,10,10,22.4907,1.75838,16.2453,
2277,10,10,22.5168,1.74118,16.2584,
2278,10,10,22.5429,1.72394,16.2714,
2279,9,9,22.5691,1.70666,15.7845,
2280,9,9,22.5974,1.69143,15.7987,
2281,9,9,22.6258,1.67617,15.8129,
2282,9,9,22.6542,1.66088,15.8271,
2283,9,9,22.6827,1.64556,15.8414,
2284,9,9,22.7113,1.63021,15.8557,
2285,9,9,22.7399,1.61482,15.87,
2286,9,9,22.7686,1.5994,15.8843,
2287,8,8,22.7974,1.58395,15.3987,
2288,8,8,22.8283,1.57056,15.4141,
2289,8,8,22.8592,1.55714,15.4296,
2290,8,8,22.8902,1.54369,15.4451,
2291,8,8,22.9213,1.53021,15.4607,
2292,8,8,22.9525,1.5167,15.4762,
2293,8,8,22.9837,1.50317,15.4918,
2294,8,8,23.015,1.4896,15.5075,
2295,8,8,23.0463,1.47601,15.5232,
2296,7,7,23.0777,1.46239,15.0389,
2297,7,7,23.1113,1.45083,15.0556,
2298,7,7,23.1449,1.43925,15.0725,
2299,7,7,23.1786,1.42764,15.0893,
2300,7,7,23.2124,1.416,15.1062,
2301,7,7,23.2463,1.40435,15.1231,
2302,7,7,23.2802,1.39266,15.1401,
2303,7,7,23.3142,1.38096,15.1571,
2304,7,7,23.3482,1.36923,15.1741,
2305,6,6,23.3824,1.35747,14.6912,
2306,6,6,23.4186,1.34778,14.7093,
2307,6,6,23.455,1.33807,14.7275,
2308,6,6,23.4914,1.32833,14.7457,
2309,6,6,23.528,1.31858,14.764,
2310,6,6,23.5646,1.30881,14.7823,
2311,6,6,23.6012,1.29901,14.8006,
2312,6,6,23.638,1.2892,14.819,
2313,6,6,23.6748,1.27937,14.8374,
2314,6,6,23.7117,1.26951,14.8558,
2315,5,5,23.7487,1.25963,14.3743,
2316,5,5,23.7878,1.25183,14.3939,
2317,5,5,23.827,1.244,14.4135,
2318,5,5,23.8663,1.23616,14.4332,
2319,5,5,23.9057,1.2283,14.4529,
2320,5,5,23.9452,1.22043,14.4726,
2321,5,5,23.9847,1.21254,14.4924,
2322,5,5,24.0244,1.20463,14.5122,
2323,5,5,24.0641,1.19671,14.532,
2324,5,5,24.1039,1.18877,14.5519,
2325,5,5,24.1438,1.18081,14.5719,
2326,4,4,24.1837,1.17284,14.0919,
2327,4,4,24.2259,1.16693,14.1129,
2328,4,4,24.2681,1.16102,14.1341,
2329,4,4,24.3104,1.15509,14.1552,
2330,4,4,24.3528,1.14915,14.1764,
2331,4,4,24.3953,1.1432,14.1977,
2332,4,4,24.4379,1.13724,14.2189,
2333,4,4,24.4806,1.13126,14.2403,
2334,4,4,24.5233,1.12527,14.2617,
2335,4,4,24.5662,1.11927,14.2831,
2336,4,4,24.6091,1.11326,14.3046,
2337,4,4,24.6521,1.10723,14.3261,
2338,3,3,24.6952,1.10119,13.8476,
2339,3,3,24.7405,1.09723,13.8703,
2340,3,3,24.7859,1.09325,13.893,
2341,3,3,24.8314,1.08927,13.9157,
2342,3,3,24.877,1.08528,13.9385,
2343,3,3,24.9227,1.08129,13.9613,
2344,3,3,24.9684,1.07728,13.9842,
2345,3,3,25.0143,1.07327,14.0071,
2346,3,3,25.0602,1.06925,14.0301,
2347,3,3,25.1063,1.06521,14.0531,
2348,3,3,25.1524,1.06118,14.0762,
2349,3,3,25.1987,1.05713,14.0993,
2350,3,3,25.245,1.05307,14.1225,
2351,3,3,25.2915,1.04901,14.1457,
2352,3,3,25.338,1.04493,14.169,
2353,2,2,25.3847,1.04085,13.6923,
2354,2,2,25.4335,1.03885,13.7167,
2355,2,2,25.4824,1.03684,13.7412,
2356,2,2,25.5314,1.03483,13.7657,
2357,2,2,25.5805,1.03282,13.7903,
2358,2,2,25.6298,1.0308,13.8149,
2359,2,2,25.6791,1.02877,13.8396,
2360,2,2,25.7285,1.02675,13.8643,
2361,2,2,25.7781,1.02472,13.889,
2362,2,2,25.8277,1.02268,13.9139,
2363,2,2,25.8775,1.02064,13.9387,
2364,2,2,25.9273,1.01859,13.9637,
2365,2,2,25.9773,1.01655,13.9886,
2366,2,2,26.0273,1.01449,14.0137,
2367,2,2,26.0775,1.01244,14.0387,
2368,2,2,26.1277,1.01037,14.0639,
2369,2,2,26.1781,1.00831,14.0891,
2370,2,2,26.2286,1.00624,14.1143,
2371,2,2,26.2792,1.00416,14.1396,
2372,2,2,26.3299,1.00208,14.1649,
2373,1,1,26.3807,1,13.6903,
2374,1,1,26.4336,1,13.7168,
2375,1,1,26.4867,1,13.7434,
2376,1,1,26.5399,1,13.77,
2377,1,1,26.5933,1,13.7966,
2378,1,1,26.6467,1,13.8233,
2379,1,1,26.7002,1,13.8501,
2380,1,1,26.7539,1,13.8769,
2381,1,1,26.8077,1,13.9038,
2382,1,1,26.8615,1,13.9308,
2383,1,1,26.9155,1,13.9578,
2384,1,1,26.9696,1,13.9848,
2385,1,1,27.0238,1,14.0119,
2386,1,1,27.0782,1,14.0391,
2387,1,1,27.1326,1,14.0663,
2388,1,1,27.1872,1,14.0936,
2389,1,1,27.2418,1,14.1209,
2390,1,1,27.2966,1,14.1483,
2391,1,1,27.3515,1,14.1758,
2392,1,1,27.4065,1,14.2033,
2393,1,1,27.4617,1,14.2308,
2394,1,1,27.5169,1,14.2585,
2395,1,1,27.5723,1,14.2861,
2396,1,1,27.6278,1,14.3139,
2397,1,1,27.6833,1,14.3417,
2398,1,1,27.739,1,14.3695,
2399,1,1,27.7949,1,14.3974,
2400,1,1,27.8508,1,14.4254,
2401,1,1,27.9069,1,14.4534,
2402,1,1,27.963,1,14.4815,
2403,1,1,28.0193,1,14.5097,
2404,1,1,28.0757,1,14.5379,
2405,1,1,28.1323,1,14.5661,
2406,1,1,28.1889,1,14.5945,
2407,1,1,28.2457,1,14.6228,
2408,1,1,28.3025,1,14.6513,
2409,1,1,28.3595,1,14.6798,
2410,1,1,28.4167,1,14.7083,
2411,1,1,28.4739,1,14.737,
2412,1,1,28.5313,1,14.7656,
2413,1,1,28.5887,1,14.7944,
2414,1,1,28.6463,1,14.8232,
2415,1,1,28.704,1,14.852,
2416,1,1,28.7619,1,14.8809,
2417,1,1,28.8198,1,14.9099,
2418,1,1,28.8779,1,14.939,
2419,1,1,28.9361,1,14.9681,
2420,1,1,28.9944,1,14.9972,
2421,1,1,29.0529,1,15.0264,
2422,1,1,29.1115,1,15.0557,
2423,1,1,29.1701,1,15.0851,
2424,1,1,29.229,1,15.1145,
2425,1,1,29.2879,1,15.1439,
2426,1,1,29.3469,1,15.1735,
2427,1,1,29.4061,1,15.2031,
2428,1,1,29.4654,1,15.2327,
2429,1,1,29.5249,1,15.2624,
2430,1,1,29.5844,1,15.2922,
2431,1,1,29.6441,1,15.322,
2432,1,1,29.7039,1,15.3519,
2433,1,1,29.7638,1,15.3819,
2434,1,1,29.8239,1,15.4119,
2435,1,1,29.884,1,15.442,
2436,1,1,29.9443,1,15.4722,
2437,1,1,30.0048,1,15.5024,
2438,1,1,30.0653,1,15.5327,
2439,1,1,30.126,1,15.563,
2440,1,1,30.1868,1,15.5934,
2441,1,1,30.2477,1,15.6239,
2442,1,1,30.3088,1,15.6544,
2443,1,1,30.37,1,15.685,
2444,2,2,30.4313,2,16.2156,
2445,2,2,30.4906,2,16.2453,
2446,2,2,30.5501,2,16.2751,
2447,2,2,30.6097,2,16.3049,
2448,2,2,30.6695,2,16.3347,
2449,2,2,30.7293,2,16.3647,
2450,2,2,30.7893,2,16.3946,
2451,2,2,30.8494,2,16.4247,
2452,2,2,30.9096,2,16.4548,
2453,2,2,30.97,2,16.485,
2454,2,2,31.0304,2,16.5152,
2455,2,2,31.0911,2,16.5455,
2456,2,2,31.1518,2,16.5759,
2457,2,2,31.2126,2,16.6063,
2458,2,2,31.2736,2,16.6368,
2459,2,2,31.3347,2,16.6674,
2460,2,2,31.396,2,16.698,
2461,2,2,31.4574,2,16.7287,
2462,2,2,31.5189,2,16.7594,
2463,3,3,31.5805,3,17.2902,
2464,3,3,31.6401,3,17.3201,
2465,3,3,31.6999,3,17.35,
2466,3,3,31.7599,3,17.3799,
2467,3,3,31.8199,3,17.4099,
2468,3,3,31.8801,3,17.44,
2469,3,3,31.9404,3,17.4702,
2470,3,3,32.0008,3,17.5004,
2471,3,3,32.0613,3,17.5307,
2472,3,3,32.122,3,17.561,
2473,3,3,32.1828,3,17.5914,
2474,3,3,32.2437,3,17.6219,
2475,3,3,32.3048,3,17.6524,
2476,3,3,32.3659,3,17.683,
2477,3,3,32.4273,3,17.7136,
2478,4,4,32.4887,4,18.2443,
2479,4,4,32.5482,4,18.2741,
2480,4,4,32.6078,4,18.3039,
2481,4,4,32.6675,4,18.3337,
2482,4,4,32.7273,4,18.3637,
2483,4,4,32.7873,4,18.3937,
2484,4,4,32.8474,4,18.4237,
2485,4,4,32.9076,4,18.4538,
2486,4,4,32.968,4,18.484,
2487,4,4,33.0285,4,18.5142,
2488,4,4,33.0891,4,18.5445,
2489,4,4,33.1498,4,18.5749,
2490,5,5,33.2106,5,19.1053,
2491,5,5,33.2695,5,19.1348,
2492,5,5,33.3286,5,19.1643,
2493,5,5,33.3877,5,19.1938,
2494,5,5,33.447,5,19.2235,
2495,5,5,33.5063,5,19.2532,
2496,5,5,33.5659,5,19.2829,
2497,5,5,33.6255,5,19.3127,
2498,5,5,33.6853,5,19.3426,
2499,5,5,33.7451,5,19.3726,
2500,5,5,33.8052,5,19.4026,
2501,6,6,33.8653,6,19.9326,
2502,6,6,33.9235,6,19.9617,
2503,6,6,33.9818,6,19.9909,
2504,6,6,34.0402,6,20.0201,
2505,6,6,34.0987,6,20.0494,
2506,6,6,34.1574,6,20.0787,
2507,6,6,34.2162,6,20.1081,
2508,6,6,34.2751,6,20.1375,
2509,6,6,34.3341,6,20.167,
2510,6,6,34.3932,6,20.1966,
2511,7,7,34.4525,7,20.7263,
2512,7,7,34.5098,7,20.7549,
2513,7,7,34.5673,7,20.7836,
2514,7,7,34.6248,7,20.8124,
2515,7,7,34.6825,7,20.8412,
2516,7,7,34.7403,7,20.8701,
2517,7,7,34.7982,7,20.8991,
2518,7,7,34.8562,7,20.9281,
2519,7,7,34.9144,7,20.9572,
2520,8,8,34.9727,8,21.4863,
2521,8,8,35.029,8,21.5145,
2522,8,8,35.0854,8,21.5427,
2523,8,8,35.1419,8,21.571,
2524,8,8,35.1986,8,21.5993,
2525,8,8,35.2554,8,21.6277,
2526,8,8,35.3123,8,21.6561,
2527,8,8,35.3693,8,21.6847,
2528,8,8,35.4265,8,21.7132,
2529,9,9,35.4837,9,22.2419,
2530,9,9,35.539,9,22.2695,
2531,9,9,35.5944,9,22.2972,
2532,9,9,35.6499,9,22.325,
2533,9,9,35.7056,9,22.3528,
2534,9,9,35.7613,9,22.3807,
2535,9,9,35.8172,9,22.4086,
2536,9,9,35.8732,9,22.4366,
2537,10,10,35.9293,10,22.9646,
2538,10,10,35.9834,10,22.9917,
2539,10,10,36.0376,10,23.0188,
2540,10,10,36.092,10,23.046,
2541,10,10,36.1465,10,23.0732,
2542,10,10,36.2011,10,23.1005,
2543,10,10,36.2558,10,23.1279,
2544,10,10,36.3106,10,23.1553,
2545,11,11,36.3655,11,23.6828,
2546,11,11,36.4185,11,23.7092,
2547,11,11,36.4715,11,23.7358,
2548,11,11,36.5247,11,23.7624,
2549,11,11,36.578,11,23.789,
2550,11,11,36.6314,11,23.8157,
2551,11,11,36.6849,11,23.8424,
2552,12,12,36.7385,12,24.3693,
2553,12,12,36.7902,12,24.3951,
2554,12,12,36.8419,12,24.421,
2555,12,12,36.8938,12,24.4469,
2556,12,12,36.9458,12,24.4729,
2557,12,12,36.9978,12,24.4989,
2558,12,12,37.05,12,24.525,
2559,12,12,37.1023,12,24.5512,
2560,13,13,37.1547,13,25.0774,
2561,13,13,37.2051,13,25.1026,
2562,13,13,37.2557,13,25.1278,
2563,13,13,37.3063,13,25.1532,
2564,13,13,37.3571,13,25.1785,
2565,13,13,37.4079,13,25.204,
2566,13,13,37.4589,13,25.2294,
2567,14,14,37.5099,14,25.755,
2568,14,14,37.559,14,25.7795,
2569,14,14,37.6082,14,25.8041,
2570,14,14,37.6575,14,25.8287,
2571,14,14,37.7069,14,25.8534,
2572,14,14,37.7564,14,25.8782,
2573,14,14,37.806,14,25.903,
2574,15,15,37.8557,15,26.4278,
2575,15,15,37.9034,15,26.4517,
2576,15,15,37.9512,15,26.4756,
2577,15,15,37.9991,15,26.4996,
2578,15,15,38.0471,15,26.5236,
2579,15,15,38.0952,15,26.5476,
2580,15,15,38.1435,15,26.5717,
2581,16,16,38.1918,16,27.0959,
2582,16,16,38.2381,16,27.119,
2583,16,16,38.2845,16,27.1423,
2584,16,16,38.331,16,27.1655,
2585,16,16,38.3777,16,27.1888,
2586,16,16,38.4244,16,27.2122,
2587,16,16,38.4712,16,27.2356,
2588,17,17,38.5181,17,27.7591,
2589,17,17,38.563,17,27.7815,
2590,17,17,38.6081,17,27.804,
2591,17,17,38.6532,17,27.8266,
2592,17,17,38.6984,17,27.8492,
2593,17,17,38.7437,17,27.8718,
2594,18,18,38.7891,18,28.3945,
2595,18,18,38.8325,18,28.4162,
2596,18,18,38.876,18,28.438,
2597,18,18,38.9195,18,28.4598,
2598,18,18,38.9632,18,28.4816,
2599,18,18,39.007,18,28.5035,
2600,18,18,39.0508,18,28.5254,
2601,19,19,39.0948,19,29.0474,
2602,19,19,39.1367,19,29.0684,
2603,19,19,39.1788,19,29.0894,
2604,19,19,39.2209,19,29.1104,
2605,19,19,39.2631,19,29.1316,
2606,19,19,39.3054,19,29.1527,
2607,20,20,39.3478,20,29.6739,
2608,20,20,39.3882,20,29.6941,
2609,20,20,39.4287,20,29.7143,
2610,20,20,39.4692,20,29.7346,
2611,20,20,39.5099,20,29.7549,
2612,20,20,39.5506,20,29.7753,
2613,20,20,39.5914,20,29.7957,
2614,21,21,39.6323,21,30.3162,
2615,21,21,39.6712,21,30.3356,
2616,21,21,39.7102,21,30.3551,
2617,21,21,39.7493,21,30.3746,
2618,21,21,39.7884,21,30.3942,
2619,21,21,39.8276,21,30.4138,
2620,22,22,39.8669,22,30.9335,
2621,22,22,39.9042,22,30.9521,
2622,22,22,39.9416,22,30.9708,
2623,22,22,39.9791,22,30.9895,
2624,22,22,40.0166,22,31.0083,
2625,22,22,40.0542,22,31.0271,
2626,22,22,40.0919,22,31.046,
2627,23,23,40.1297,22.723,31.5648,
2628,23,23,40.1654,22.7224,31.5827,
2629,23,23,40.2013,22.7218,31.6006,
2630,23,23,40.2372,22.7212,31.6186,
2631,23,23,40.2732,22.7207,31.6366,
2632,23,23,40.3092,22.7201,31.6546,
2633,24,24,40.3454,22.7195,32.1727,
2634,24,24,40.3795,22.7168,32.1897,
2635,24,24,40.4137,22.7141,32.2068,
2636,24,24,40.448,22.7115,32.224,
2637,24,24,40.4823,22.7088,32.2411,
2638,24,24,40.5167,22.7061,32.2584,
2639,24,24,40.5512,22.7034,32.2756,
2640,25,25,40.5857,22.7007,32.7929,
2641,25,25,40.6183,22.6959,32.8091,
2642,25,25,40.6509,22.6911,32.8254,
2643,25,25,40.6836,22.6862,32.8418,
2644,25,25,40.7163,22.6814,32.8581,
2645,25,25,40.7491,22.6766,32.8746,
2646,26,26,40.782,22.6717,33.391,
2647,26,26,40.8128,22.6648,33.4064,
2648,26,26,40.8438,22.6578,33.4219,
2649,26,26,40.8748,22.6508,33.4374,
2650,26,26,40.9058,22.6438,33.4529,
2651,26,26,40.9369,22.6368,33.4685,
2652,26,26,40.9681,22.6298,33.4841,
2653,27,27,40.9994,22.6228,33.9997,
2654,27,27,41.0286,22.6136,34.0143,
2655,27,27,41.0579,22.6045,34.0289,
2656,27,27,41.0872,22.5953,34.0436,
2657,27,27,41.1166,22.5861,34.0583,
2658,27,27,41.1461,22.5769,34.0731,
2659,28,28,41.1756,22.5677,34.5878,
2660,28,28,41.2031,22.5563,34.6016,
2661,28,28,41.2307,22.545,34.6154,
2662,28,28,41.2583,22.5336,34.6292,
2663,28,28,41.286,22.5221,34.643,
2664,28,28,41.3138,22.5107,34.6569,
2665,28,28,41.3415,22.4993,34.6708,
2666,29,29,41.3694,22.4878,35.1847,
2667,29,29,41.3952,22.4742,35.1976,
2668,29,29,41.4211,22.4606,35.2106,
2669,29,29,41.447,22.4469,35.2235,
2670,29,29,41.473,22.4332,35.2365,
2671,29,29,41.4991,22.4195,35.2495,
2672,29,29,41.5252,22.4058,35.2626,
2673,30,30,41.5513,22.392,35.7756,
2674,30,30,41.5754,22.3761,35.7877,
2675,30,30,41.5996,22.3602,35.7998,
2676,30,30,41.6238,22.3443,35.8119,
2677,30,30,41.6481,22.3283,35.824,
2678,30,30,41.6724,22.3123,35.8362,
2679,30,30,41.6967,22.2962,35.8484,
2680,31,31,41.7212,22.2801,36.3606,
2681,31,31,41.7436,22.2619,36.3718,
2682,31,31,41.766,22.2437,36.383,
2683,31,31,41.7885,22.2254,36.3942,
2684,31,31,41.811,22.2071,36.4055,
2685,31,31,41.8335,22.1887,36.4168,
2686,31,31,41.8562,22.1703,36.4281,
2687,32,32,41.8788,22.1519,36.9394,
2688,32,32,41.8995,22.1313,36.9497,
2689,32,32,41.9201,22.1107,36.9601,
2690,32,32,41.9408,22.0901,36.9704,
2691,32,32,41.9616,22.0694,36.9808,
2692,32,32,41.9824,22.0487,36.9912,
2693,32,32,42.0032,22.0279,37.0016,
2694,33,33,42.0241,22.0071,37.5121,
2695,33,33,42.0429,21.9841,37.5215,
2696,33,33,42.0618,21.9611,37.5309,
2697,33,33,42.0807,21.9381,37.5404,
2698,33,33,42.0997,21.915,37.5498,
2699,33,33,42.1187,21.8918,37.5593,
2700,33,33,42.1377,21.8687,37.5689,
2701,33,33,42.1568,21.8454,37.5784,
2702,34,34,42.1759,21.8221,38.088,
2703,34,34,42.193,21.7967,38.0965,
2704,34,34,42.2101,21.7712,38.105,
2705,34,34,42.2272,21.7457,38.1136,
2706,34,34,42.2444,21.7201,38.1222,
2707,34,34,42.2616,21.6945,38.1308,
2708,34,34,42.2789,21.6688,38.1394,
2709,34,34,42.2962,21.643,38.1481,
2710,35,35,42.3135,21.6172,38.6567,
2711,35,35,42.3287,21.5893,38.6644,
2712,35,35,42.344,21.5613,38.672,
2713,35,35,42.3594,21.5333,38.6797,
2714,35,35,42.3747,21.5051,38.6874,
2715,35,35,42.3901,21.477,38.6951,
2716,35,35,42.4056,21.4487,38.7028,
2717,35,35,42.421,21.4204,38.7105,
2718,36,36,42.4365,21.3921,39.2183,
2719,36,36,42.45,21.3616,39.225,
2720,36,36,42.4634,21.331,39.2317,
2721,36,36,42.4769,21.3004,39.2385,
2722,36,36,42.4904,21.2697,39.2452,
2723,36,36,42.504,21.239,39.252,
2724,36,36,42.5176,21.2082,39.2588,
2725,36,36,42.5312,21.1773,39.2656,
2726,37,37,42.5448,21.1463,39.7724,
2727,37,37,42.5564,21.1132,39.7782,
2728,37,37,42.568,21.0801,39.784,
2729,37,37,42.5796,21.0468,39.7898,
2730,37,37,42.5913,21.0135,39.7956,
2731,37,37,42.6029,20.9801,39.8015,
2732,37,37,42.6146,20.9467,39.8073,
2733,37,37,42.6263,20.9132,39.8132,
2734,37,37,42.6381,20.8796,39.819,
2735,38,38,42.6499,20.846,40.3249,
2736,38,38,42.6596,20.8101,40.3298,
2737,38,38,42.6693,20.7743,40.3346,
2738,38,38,42.679,20.7383,40.3395,
2739,38,38,42.6888,20.7023,40.3444,
2740,38,38,42.6986,20.6661,40.3493,
2741,38,38,42.7084,20.63,40.3542,
2742,38,38,42.7182,20.5937,40.3591,
2743,38,38,42.7281,20.5574,40.364,
2744,38,38,42.738,20.5209,40.369,
2745,39,39,42.7479,20.4844,40.8739,
2746,39,39,42.7557,20.4458,40.8778,
2747,39,39,42.7635,20.4071,40.8818,
2748,39,39,42.7714,20.3682,40.8857,
2749,39,39,42.7793,20.3293,40.8896,
2750,39,39,42.7871,20.2904,40.8936,
2751,39,39,42.795,20.2513,40.8975,
2752,39,39,42.803,20.2122,40.9015,
2753,39,39,42.8109,20.1729,40.9055,
2754,39,39,42.8189,20.1336,40.9094,
2755,39,39,42.8268,20.0942,40.9134,
2756,40,40,42.8348,20.0548,41.4174,
2757,40,40,42.8407,20.0131,41.4204,
2758,40,40,42.8467,19.9714,41.4233,
2759,40,40,42.8526,19.9296,41.4263,
2760,40,40,42.8586,19.8877,41.4293,
2761,40,40,42.8645,19.8457,41.4323,
2762,40,40,42.8705,19.8036,41.4353,
2763,40,40,42.8765,19.7615,41.4383,
2764,40,40,42.8825,19.7192,41.4413,
2765,40,40,42.8885,19.6769,41.4443,
2766,40,40,42.8946,19.6345,41.4473,
2767,40,40,42.9006,19.5919,41.4503,
2768,41,41,42.9067,19.5493,41.9533,
2769,41,41,42.9106,19.5045,41.9553,
2770,41,41,42.9146,19.4597,41.9573,
2771,41,41,42.9186,19.4147,41.9593,
2772,41,41,42.9226,19.3696,41.9613,
2773,41,41,42.9267,19.3245,41.9633,
2774,41,41,42.9307,19.2792,41.9653,
2775,41,41,42.9347,19.2339,41.9674,
2776,41,41,42.9387,19.1884,41.9694,
2777,41,41,42.9428,19.1429,41.9714,
2778,41,41,42.9468,19.0973,41.9734,
2779,41,41,42.9509,19.0516,41.9755,
2780,41,41,42.955,19.0057,41.9775,
2781,41,41,42.9591,18.9598,41.9795,
2782,42,42,42.9632,18.9138,42.4816,
2783,42,42,42.9652,18.8656,42.4826,
2784,42,42,42.9672,18.8173,42.4836,
2785,42,42,42.9692,18.7689,42.4846,
2786,42,42,42.9712,18.7204,42.4856,
2787,42,42,42.9733,18.6718,42.4866,
2788,42,42,42.9753,18.6231,42.4876,
2789,42,42,42.9773,18.5743,42.4887,
2790,42,42,42.9794,18.5254,42.4897,
2791,42,42,42.9814,18.4764,42.4907,
2792,42,42,42.9835,18.4273,42.4917,
2793,42,42,42.9855,18.3781,42.4928,
2794,42,42,42.9876,18.3288,42.4938,
2795,42,42,42.9896,18.2793,42.4948,
2796,42,42,42.9917,18.2298,42.4958,
2797,42,42,42.9938,18.1802,42.4969,
2798,42,42,42.9958,18.1305,42.4979,
2799,42,42,42.9979,18.0806,42.499,
2800,43,43,43,18.0307,43,
2801,43,43,43,17.9786,43,
2802,43,43,43,17.9263,43,
2803,43,43,43,17.874,43,
2804,43,43,43,17.8215,43,
2805,43,43,43,17.769,43,
2806,43,43,43,17.7163,43,
2807,43,43,43,17.6635,43,
2808,43,43,43,17.6106,43,
2809,43,43,43,17.5576,43,
2810,43,43,43,17.5045,43,
2811,43,43,43,17.4513,43,
2812,43,43,43,17.3979,43,
2813,43,43,43,17.3445,43,
2814,43,43,43,17.2909,43,
2815,43,43,43,17.2372,43,
2816,43,43,43,17.1835,43,
2817,43,43,43,17.1296,43,
2818,43,43,43,17.0756,43,
2819,43,43,43,17.0214,43,
2820,43,43,43,16.9672,43,
2821,43,43,43,16.9128,43,
2822,43,43,43,16.8584,43,
2823,43,43,43,16.8038,43,
2824,43,43,43,16.7491,43,
2825,43,43,43,16.6943,43,
2826,43,43,43,16.6394,43,
2827,43,43,43,16.5844,43,
2828,43,43,43,16.5292,43,
2829,43,43,43,16.474,43,
2830,43,43,43,16.4186,43,
2831,43,43,43,16.3631,43,
2832,43,43,43,16.3075,43,
2833,43,43,43,16.2517,43,
2834,43,43,43,16.1959,43,
2835,43,43,43,16.1399,43,
2836,43,43,43,16.0839,43,
2837,43,43,43,16.0277,43,
2838,43,43,43,15.9714,43,
2839,43,43,43,15.9149,43,
2840,43,43,43,15.8584,43,
2841,43,43,43,15.8017,43,
2842,43,43,43,15.745,43,
2843,43,43,43,15.6881,43,
2844,43,43,43,15.631,43,
2845,43,43,43,15.5739,43,
2846,43,43,43,15.5166,43,
2847,43,43,43,15.4593,43,
2848,43,43,43,15.4018,43,
2849,43,43,43,15.3442,43,
2850,43,43,43,15.2864,43,
2851,43,43,43,15.2286,43,
2852,43,43,43,15.1706,43,
2853,43,43,43,15.1125,43,
2854,43,43,43,15.0543,43,
2855,43,43,43,14.9959,43,
2856,43,43,43,14.9375,43,
2857,43,43,43,14.8789,43,
2858,43,43,43,14.8202,43,
2859,43,43,43,14.7613,43,
2860,43,43,43,14.7024,43,
2861,43,43,43,14.6433,43,
2862,43,43,43,14.5841,43,
2863,43,43,43,14.5248,43,
2864,43,43,43,14.4653,43,
2865,43,43,43,14.4058,43,
2866,43,43,43,14.3461,43,
2867,43,43,43,14.2862,43,
2868,43,43,43,14.2263,43,
2869,43,43,43,14.1662,43,
2870,43,43,43,14.106,43,
2871,43,43,43,14.0457,43,
2872,43,43,43,13.9853,43,
2873,43,43,43,13.9247,43,
2874,43,43,43,13.864,43,
2875,43,43,43,13.8032,43,
2876,43,43,43,13.7422,43,
2877,43,43,43,13.6811,43,
2878,43,43,43,13.6199,43,
2879,43,43,43,13.5586,43,
2880,42,42,42,13.4971,42,
2881,42,42,42,13.4376,42,
2882,42,42,42,13.378,42,
2883,42,42,42,13.3182,42,
2884,42,42,42,13.2584,42,
2885,42,42,42,13.1984,42,
2886,42,42,42,13.1382,42,
2887,42,42,42,13.078,42,
2888,42,42,42,13.0176,42,
2889,42,42,42,12.9571,42,
2890,42,42,42,12.8964,42,
2891,42,42,42,12.8357,42,
2892,42,42,42,12.7748,42,
2893,42,42,42,12.7138,42,
2894,42,42,42,12.6527,42,
2895,42,42,42,12.5914,42,
2896,42,42,42,12.53,42,
2897,42,42,42,12.4685,42,
2898,41,41,41,12.4068,41,
2899,41,41,41,12.3471,41,
2900,41,41,41,12.2873,41,
2901,41,41,41,12.2274,41,
2902,41,41,41,12.1673,41,
2903,41,41,41,12.1071,41,
2904,41,41,41,12.0468,41,
2905,41,41,41,11.9863,41,
2906,41,41,41,11.9258,41,
2907,41,41,41,11.8651,41,
2908,41,41,41,11.8042,41,
2909,41,41,41,11.7433,41,
2910,41,41,41,11.6822,41,
2911,41,41,41,11.621,41,
2912,40,40,40,11.5597,40,
2913,40,40,40,11.5003,40,
2914,40,40,40,11.4408,40,
2915,40,40,40,11.3812,40,
2916,40,40,40,11.3214,40,
2917,40,40,40,11.2616,40,
2918,40,40,40,11.2016,40,
2919,40,40,40,11.1414,40,
2920,40,40,40,11.0812,40,
2921,40,40,40,11.0208,40,
2922,40,40,40,10.9603,40,
2923,40,40,40,10.8997,40,
2924,39,39,39,10.8389,39,
2925,39,39,39,10.7801,39,
2926,39,39,39,10.7212,39,
2927,39,39,39,10.6622,39,
2928,39,39,39,10.603,39,
2929,39,39,39,10.5437,39,
2930,39,39,39,10.4843,39,
2931,39,39,39,10.4248,39,
2932,39,39,39,10.3652,39,
2933,39,39,39,10.3054,39,
2934,39,39,39,10.2455,39,
2935,38,38,38,10.1854,38,
2936,38,38,38,10.1274,38,
2937,38,38,38,10.0692,38,
2938,38,38,38,10.0109,38,
2939,38,38,38,9.95244,38,
2940,38,38,38,9.89388,38,
2941,38,38,38,9.83521,38,
2942,38,38,38,9.77641,38,
2943,38,38,38,9.71749,38,
2944,38,38,38,9.65844,38,
2945,37,37,37,9.59927,37,
2946,37,37,37,9.54207,37,
2947,37,37,37,9.48474,37,
2948,37,37,37,9.4273,37,
2949,37,37,37,9.36974,37,
2950,37,37,37,9.31206,37,
2951,37,37,37,9.25425,37,
2952,37,37,37,9.19633,37,
2953,37,37,37,9.13828,37,
2954,36,36,36,9.08012,36,
2955,36,36,36,9.02392,36,
2956,36,36,36,8.9676,36,
2957,36,36,36,8.91116,36,
2958,36,36,36,8.85461,36,
2959,36,36,36,8.79794,36,
2960,36,36,36,8.74115,36,
2961,36,36,36,8.68424,36,
2962,35,35,35,8.62722,35,
2963,35,35,35,8.57216,35,
2964,35,35,35,8.51698,35,
2965,35,35,35,8.4617,35,
2966,35,35,35,8.40629,35,
2967,35,35,35,8.35077,35,
2968,35,35,35,8.29514,35,
2969,35,35,35,8.23939,35,
2970,34,34,34,8.18352,34,
2971,34,34,34,8.12962,34,
2972,34,34,34,8.07561,34,
2973,34,34,34,8.02149,34,
2974,34,34,34,7.96726,34,
2975,34,34,34,7.91291,34,
2976,34,34,34,7.85845,34,
2977,34,34,34,7.80387,34,
2978,33,33,33,7.74918,33,
2979,33,33,33,7.69647,33,
2980,33,33,33,7.64364,33,
2981,33,33,33,7.59071,33,
2982,33,33,33,7.53766,33,
2983,33,33,33,7.4845,33,
2984,33,33,33,7.43123,33,
2985,33,33,33,7.37785,33,
2986,32,32,32,7.32436,32,
2987,32,32,32,7.27285,32,
2988